artist;track_name;genius/lyrics;genius/lyrics_annotation;musicbrainz/work_meta;musicbrainz/recording_meta;musicbrainz/release_meta;musicbrainz/artist_meta;secondhandsong/artist_meta;sonar_id;chord_annotation_id
Gerhard Hu_sch;NF;NF;NF;work_bd1bba90-c41b-3499-971d-d98e9a4717d2.json;recording_e2b9f10d-25cd-46b8-a565-b15da5d42ad3.json;release_9e2fcbe4-e7f3-45c2-b24e-eb304f261fa9.json;artist_e2b9f10d-25cd-46b8-a565-b15da5d42ad3.json;NF;N/A;
Gerhard Hu_sch;NF;NF;NF;work_5e734626-1ccc-3399-97ea-76b872f34efd.json;recording_8569bd3e-eca9-495c-99db-ab35e65e2251.json;release_9e2fcbe4-e7f3-45c2-b24e-eb304f261fa9.json;artist_8569bd3e-eca9-495c-99db-ab35e65e2251.json;NF;N/A;
Gerhard Hu_sch;NF;NF;NF;work_2b91cea1-60b6-302c-8b3a-4c43d38d3228.json;recording_d94d4166-c6fc-4932-baa8-e79534592f37.json;release_9e2fcbe4-e7f3-45c2-b24e-eb304f261fa9.json;artist_d94d4166-c6fc-4932-baa8-e79534592f37.json;NF;N/A;
Gerhard Hu_sch;NF;NF;NF;work_e524702a-a5ab-339f-931b-11d7f5d4b9fc.json;recording_a2a119d4-7385-450c-876d-88e155f7fa6b.json;release_9e2fcbe4-e7f3-45c2-b24e-eb304f261fa9.json;artist_a2a119d4-7385-450c-876d-88e155f7fa6b.json;NF;N/A;
Gerhard Hu_sch;NF;NF;NF;work_8d7009f3-e1ec-3680-bb81-4e5678e72094.json;recording_9d10e1cb-e42e-488e-85b7-faf7025b5b77.json;release_9e2fcbe4-e7f3-45c2-b24e-eb304f261fa9.json;artist_9d10e1cb-e42e-488e-85b7-faf7025b5b77.json;NF;N/A;
Gerhard Hu_sch;NF;NF;NF;work_d01dc6e9-5e62-316c-8ee4-b6ffe66135c9.json;recording_9c33de1b-6bc8-480b-97e0-5164586bb913.json;release_9e2fcbe4-e7f3-45c2-b24e-eb304f261fa9.json;artist_9c33de1b-6bc8-480b-97e0-5164586bb913.json;NF;N/A;
Gerhard Hu_sch;NF;NF;NF;work_8777bf67-d96c-3adc-bb99-23ff38ad7560.json;recording_27ac5324-bb81-4113-b4d1-c55a159e1ab0.json;release_9e2fcbe4-e7f3-45c2-b24e-eb304f261fa9.json;artist_27ac5324-bb81-4113-b4d1-c55a159e1ab0.json;NF;N/A;
Gerhard Hu_sch;NF;NF;NF;work_26caae14-032b-3fd1-b32b-89b0d319fc63.json;recording_2afa5bed-d2eb-46c9-b4e2-bcadb64d2f95.json;release_9e2fcbe4-e7f3-45c2-b24e-eb304f261fa9.json;artist_2afa5bed-d2eb-46c9-b4e2-bcadb64d2f95.json;NF;N/A;
Gerhard Hu_sch;NF;NF;NF;work_21fb65d7-3341-37ae-9e4d-f9a4157490eb.json;recording_eda274ad-a96e-46e7-b6b6-050303abf03a.json;release_9e2fcbe4-e7f3-45c2-b24e-eb304f261fa9.json;artist_eda274ad-a96e-46e7-b6b6-050303abf03a.json;NF;N/A;
Gerhard Hu_sch;NF;NF;NF;work_541159ea-0c84-332f-a2dd-7ac293754c6e.json;recording_d3bd7ba8-3482-48e7-8286-593ae0da533c.json;release_9e2fcbe4-e7f3-45c2-b24e-eb304f261fa9.json;artist_d3bd7ba8-3482-48e7-8286-593ae0da533c.json;NF;N/A;
Gerhard Hu_sch;NF;NF;NF;work_84e129e5-a742-37ee-ab52-49f47ce1b131.json;recording_23fec45b-d471-4c5e-9b55-691f61dcdf82.json;release_9e2fcbe4-e7f3-45c2-b24e-eb304f261fa9.json;artist_23fec45b-d471-4c5e-9b55-691f61dcdf82.json;NF;N/A;
Gerhard Hu_sch;NF;NF;NF;work_426277cc-04f4-3c29-8395-17008584a11b.json;recording_20216d58-9f6e-4911-bc8a-2bfc4cab84df.json;release_9e2fcbe4-e7f3-45c2-b24e-eb304f261fa9.json;artist_20216d58-9f6e-4911-bc8a-2bfc4cab84df.json;NF;N/A;
Gerhard Hu_sch;NF;NF;NF;work_039ecc38-4c6c-3088-8a6c-6d5add4273b1.json;recording_47f04218-eb88-4462-aa38-14ab0da3053b.json;release_9e2fcbe4-e7f3-45c2-b24e-eb304f261fa9.json;artist_47f04218-eb88-4462-aa38-14ab0da3053b.json;NF;N/A;
Gerhard Hu_sch;NF;NF;NF;work_acbbe452-9664-3f04-a0d2-a746787b33ab.json;recording_62f1b2ca-0c91-4b92-9197-22f7c9d808a6.json;release_9e2fcbe4-e7f3-45c2-b24e-eb304f261fa9.json;artist_62f1b2ca-0c91-4b92-9197-22f7c9d808a6.json;NF;N/A;
Gerhard Hu_sch;NF;NF;NF;work_b535b439-9c59-3572-9eb2-b26ece1311b9.json;recording_3df90bc3-c39c-41c6-9823-9d033c42f5dd.json;release_9e2fcbe4-e7f3-45c2-b24e-eb304f261fa9.json;artist_3df90bc3-c39c-41c6-9823-9d033c42f5dd.json;NF;N/A;
Gerhard Hu_sch;NF;NF;NF;work_1188f027-a194-3fb4-b0cf-ee4516c8e0d9.json;recording_4df99850-20ec-472b-9102-7ea55bfb634a.json;release_9e2fcbe4-e7f3-45c2-b24e-eb304f261fa9.json;artist_4df99850-20ec-472b-9102-7ea55bfb634a.json;NF;N/A;
Gerhard Hu_sch;NF;NF;NF;work_27c70cf0-cb19-3b00-8b2f-12ab9c03a55f.json;recording_f45059c0-4379-416d-ac56-4f10bc013dec.json;release_9e2fcbe4-e7f3-45c2-b24e-eb304f261fa9.json;artist_f45059c0-4379-416d-ac56-4f10bc013dec.json;NF;N/A;
Gerhard Hu_sch;NF;NF;NF;work_3a4fa92d-419f-3256-9703-c79159d7c7e0.json;recording_318d5495-cecb-4b8b-93c3-19f7888e095e.json;release_9e2fcbe4-e7f3-45c2-b24e-eb304f261fa9.json;artist_318d5495-cecb-4b8b-93c3-19f7888e095e.json;NF;N/A;
Gerhard Hu_sch;NF;NF;NF;work_5b20fb20-09d8-3c55-8790-24fed8cb1399.json;recording_29c401d7-0dca-4647-9f65-88e82e17cb8f.json;release_9e2fcbe4-e7f3-45c2-b24e-eb304f261fa9.json;artist_29c401d7-0dca-4647-9f65-88e82e17cb8f.json;NF;N/A;
Gerhard Hu_sch;NF;NF;NF;work_59909dea-6a7e-36fb-9954-d81dbb19cb3f.json;recording_deed0edc-7e22-4232-bf3d-105dd48b9e78.json;release_9e2fcbe4-e7f3-45c2-b24e-eb304f261fa9.json;artist_deed0edc-7e22-4232-bf3d-105dd48b9e78.json;NF;N/A;
Gerhard Hu_sch;NF;NF;NF;work_bd1bba90-c41b-3499-971d-d98e9a4717d2.json;recording_d2e2c19e-5e73-40f9-8c02-da5d78994512.json;release_9e2fcbe4-e7f3-45c2-b24e-eb304f261fa9.json;artist_d2e2c19e-5e73-40f9-8c02-da5d78994512.json;NF;N/A;
Gerhard Hu_sch;NF;NF;NF;work_5e734626-1ccc-3399-97ea-76b872f34efd.json;recording_9322cbbe-73f1-4275-b7d6-7d0ef256cbcd.json;release_9e2fcbe4-e7f3-45c2-b24e-eb304f261fa9.json;artist_9322cbbe-73f1-4275-b7d6-7d0ef256cbcd.json;NF;N/A;
Gerhard Hu_sch;NF;NF;NF;work_2b91cea1-60b6-302c-8b3a-4c43d38d3228.json;recording_5ac61a34-87e5-46fd-9a64-03144befb990.json;release_9e2fcbe4-e7f3-45c2-b24e-eb304f261fa9.json;artist_5ac61a34-87e5-46fd-9a64-03144befb990.json;NF;N/A;
Gerhard Hu_sch;NF;NF;NF;work_e524702a-a5ab-339f-931b-11d7f5d4b9fc.json;recording_01717bc7-3df7-4f86-86db-5423cfa02049.json;release_9e2fcbe4-e7f3-45c2-b24e-eb304f261fa9.json;artist_01717bc7-3df7-4f86-86db-5423cfa02049.json;NF;N/A;
Gerhard Hu_sch;NF;NF;NF;work_8d7009f3-e1ec-3680-bb81-4e5678e72094.json;recording_7a11452f-1a39-451f-806f-a4cdca167476.json;release_9e2fcbe4-e7f3-45c2-b24e-eb304f261fa9.json;artist_7a11452f-1a39-451f-806f-a4cdca167476.json;NF;N/A;
Gerhard Hu_sch;NF;NF;NF;work_d01dc6e9-5e62-316c-8ee4-b6ffe66135c9.json;recording_3174ccab-4f16-4c5a-a79a-fe86adcbf092.json;release_9e2fcbe4-e7f3-45c2-b24e-eb304f261fa9.json;artist_3174ccab-4f16-4c5a-a79a-fe86adcbf092.json;NF;N/A;
Gerhard Hu_sch;NF;NF;NF;work_8777bf67-d96c-3adc-bb99-23ff38ad7560.json;recording_65e3893c-78c2-4273-8868-110c7340cd00.json;release_9e2fcbe4-e7f3-45c2-b24e-eb304f261fa9.json;artist_65e3893c-78c2-4273-8868-110c7340cd00.json;NF;N/A;
Gerhard Hu_sch;NF;NF;NF;work_26caae14-032b-3fd1-b32b-89b0d319fc63.json;recording_04b7e1af-798a-4476-8eb9-187cfd67c11f.json;release_9e2fcbe4-e7f3-45c2-b24e-eb304f261fa9.json;artist_04b7e1af-798a-4476-8eb9-187cfd67c11f.json;NF;N/A;
Gerhard Hu_sch;NF;NF;NF;work_21fb65d7-3341-37ae-9e4d-f9a4157490eb.json;recording_62b67163-925e-4f9a-b8e7-f0e03ddbe3f5.json;release_9e2fcbe4-e7f3-45c2-b24e-eb304f261fa9.json;artist_62b67163-925e-4f9a-b8e7-f0e03ddbe3f5.json;NF;N/A;
Gerhard Hu_sch;NF;NF;NF;work_541159ea-0c84-332f-a2dd-7ac293754c6e.json;recording_7c42fd1e-c863-4816-9358-b0b99e9d8d08.json;release_9e2fcbe4-e7f3-45c2-b24e-eb304f261fa9.json;artist_7c42fd1e-c863-4816-9358-b0b99e9d8d08.json;NF;N/A;
Gerhard Hu_sch;NF;NF;NF;work_84e129e5-a742-37ee-ab52-49f47ce1b131.json;recording_3dc97c3e-0692-4d3c-97d9-7d657301551d.json;release_9e2fcbe4-e7f3-45c2-b24e-eb304f261fa9.json;artist_3dc97c3e-0692-4d3c-97d9-7d657301551d.json;NF;N/A;
Gerhard Hu_sch;NF;NF;NF;work_426277cc-04f4-3c29-8395-17008584a11b.json;recording_7aa95d5a-1cc2-4aed-9dd1-392c73bf2979.json;release_9e2fcbe4-e7f3-45c2-b24e-eb304f261fa9.json;artist_7aa95d5a-1cc2-4aed-9dd1-392c73bf2979.json;NF;N/A;
Gerhard Hu_sch;NF;NF;NF;work_039ecc38-4c6c-3088-8a6c-6d5add4273b1.json;recording_a0218192-06d6-4b96-aa8b-ce888acd625a.json;release_9e2fcbe4-e7f3-45c2-b24e-eb304f261fa9.json;artist_a0218192-06d6-4b96-aa8b-ce888acd625a.json;NF;N/A;
Gerhard Hu_sch;NF;NF;NF;work_acbbe452-9664-3f04-a0d2-a746787b33ab.json;recording_17833ee0-471b-47a3-93c5-a377fae34dce.json;release_9e2fcbe4-e7f3-45c2-b24e-eb304f261fa9.json;artist_17833ee0-471b-47a3-93c5-a377fae34dce.json;NF;N/A;
Gerhard Hu_sch;NF;NF;NF;work_b535b439-9c59-3572-9eb2-b26ece1311b9.json;recording_f2bd0ba4-025f-400f-87a0-249705914e66.json;release_9e2fcbe4-e7f3-45c2-b24e-eb304f261fa9.json;artist_f2bd0ba4-025f-400f-87a0-249705914e66.json;NF;N/A;
Gerhard Hu_sch;NF;NF;NF;work_1188f027-a194-3fb4-b0cf-ee4516c8e0d9.json;recording_9a486fa1-dea5-4633-927a-0e1fddb934e2.json;release_9e2fcbe4-e7f3-45c2-b24e-eb304f261fa9.json;artist_9a486fa1-dea5-4633-927a-0e1fddb934e2.json;NF;N/A;
Gerhard Hu_sch;NF;NF;NF;work_27c70cf0-cb19-3b00-8b2f-12ab9c03a55f.json;recording_4bb2dd16-c83c-438b-90d4-aa354d09fc5c.json;release_9e2fcbe4-e7f3-45c2-b24e-eb304f261fa9.json;artist_4bb2dd16-c83c-438b-90d4-aa354d09fc5c.json;NF;N/A;
Gerhard Hu_sch;NF;NF;NF;work_3a4fa92d-419f-3256-9703-c79159d7c7e0.json;recording_c2bb7854-f160-4ea2-89e0-916a02a05a54.json;release_9e2fcbe4-e7f3-45c2-b24e-eb304f261fa9.json;artist_c2bb7854-f160-4ea2-89e0-916a02a05a54.json;NF;N/A;
Gerhard Hu_sch;NF;NF;NF;work_5b20fb20-09d8-3c55-8790-24fed8cb1399.json;recording_cb462a6c-7fe2-4d8d-83ba-03f763402863.json;release_9e2fcbe4-e7f3-45c2-b24e-eb304f261fa9.json;artist_cb462a6c-7fe2-4d8d-83ba-03f763402863.json;NF;N/A;
Gerhard Hu_sch;NF;NF;NF;work_59909dea-6a7e-36fb-9954-d81dbb19cb3f.json;recording_c30066ae-d4e3-4044-89c8-482ac2fa8de8.json;release_9e2fcbe4-e7f3-45c2-b24e-eb304f261fa9.json;artist_c30066ae-d4e3-4044-89c8-482ac2fa8de8.json;NF;N/A;
"Gerhard Hu_sch; Hanns-Udo Muller";Gute Nacht;NF;NF;work_485e9c1b-8b7f-32cd-8511-83f0259088e8.json;recording_2c87c03e-ec27-4d5b-aeda-061b936a6150.json;release_9e2fcbe4-e7f3-45c2-b24e-eb304f261fa9.json;artist_2c87c03e-ec27-4d5b-aeda-061b936a6150.json;NF;schubert-winterreise_95;
"Gerhard Hu_sch; Hanns-Udo Muller";Die Wetterfahne;NF;NF;work_2d92753d-b093-31d8-82f8-0cb4c46085a8.json;recording_ec1403e2-a90c-40ee-bb4e-89426fdd832d.json;release_9e2fcbe4-e7f3-45c2-b24e-eb304f261fa9.json;artist_ec1403e2-a90c-40ee-bb4e-89426fdd832d.json;NF;schubert-winterreise_153;
"Gerhard Hu_sch; Hanns-Udo Muller";Gefror'ne Tränen;NF;NF;work_cd3fd316-0c77-3aee-a71a-07b89cf1ae87.json;recording_834666c7-1f47-4824-a8c9-6d1be7838a35.json;release_9e2fcbe4-e7f3-45c2-b24e-eb304f261fa9.json;artist_834666c7-1f47-4824-a8c9-6d1be7838a35.json;NF;schubert-winterreise_211;
"Gerhard Hu_sch; Hanns-Udo Muller";Erstarrung;NF;NF;work_b4569220-e114-3996-858b-9f04abb95cec.json;recording_b0df7244-a105-44be-9da2-f65dfd12f73c.json;release_9e2fcbe4-e7f3-45c2-b24e-eb304f261fa9.json;artist_b0df7244-a105-44be-9da2-f65dfd12f73c.json;NF;schubert-winterreise_118;
"Gerhard Hu_sch; Hanns-Udo Muller";Der Lindenbaum;NF;NF;work_bfc17ef3-8807-3c31-8863-efd3a7463405.json;recording_4b24f87b-9e1e-4753-acba-711b3bb5aa93.json;release_9e2fcbe4-e7f3-45c2-b24e-eb304f261fa9.json;artist_4b24f87b-9e1e-4753-acba-711b3bb5aa93.json;NF;schubert-winterreise_172;
"Gerhard Hu_sch; Hanns-Udo Muller";Wasserflut;NF;NF;work_6cd9a8e9-7c14-3161-8c4a-79b713eddb52.json;recording_7a05e1fa-97c3-4dce-b1e3-0922a33f42ee.json;release_9e2fcbe4-e7f3-45c2-b24e-eb304f261fa9.json;artist_7a05e1fa-97c3-4dce-b1e3-0922a33f42ee.json;NF;schubert-winterreise_19;
"Gerhard Hu_sch; Hanns-Udo Muller";Auf dem Flusse;NF;NF;work_07cb5e1b-d3c5-3d3c-afd5-2dab83ee1de9.json;recording_cc471c0a-9bfc-4e31-801b-140b50a232c6.json;release_9e2fcbe4-e7f3-45c2-b24e-eb304f261fa9.json;artist_cc471c0a-9bfc-4e31-801b-140b50a232c6.json;NF;schubert-winterreise_78;
"Gerhard Hu_sch; Hanns-Udo Muller";Rückblick;NF;NF;work_59e9f581-5fab-312f-b6d1-06781254d2e6.json;recording_d023adaa-47f9-468f-a89d-a66c51f052fa.json;release_9e2fcbe4-e7f3-45c2-b24e-eb304f261fa9.json;artist_d023adaa-47f9-468f-a89d-a66c51f052fa.json;NF;schubert-winterreise_163;
"Gerhard Hu_sch; Hanns-Udo Muller";Irrlicht;NF;NF;work_2113b47d-5848-32d6-bdb1-737906af0f56.json;recording_4808fa04-4bef-49cb-9988-e8227753ee1b.json;release_9e2fcbe4-e7f3-45c2-b24e-eb304f261fa9.json;artist_4808fa04-4bef-49cb-9988-e8227753ee1b.json;NF;schubert-winterreise_108;
"Gerhard Hu_sch; Hanns-Udo Muller";Rast;NF;NF;work_7a7d1eef-3aec-395b-9b3b-78b527db0e62.json;recording_37acc92f-cdb8-4b34-91e0-a726a09092a0.json;release_9e2fcbe4-e7f3-45c2-b24e-eb304f261fa9.json;artist_37acc92f-cdb8-4b34-91e0-a726a09092a0.json;NF;schubert-winterreise_122;
"Gerhard Hu_sch; Hanns-Udo Muller";Frühlingstraum;NF;NF;work_7b7e76cc-4cdf-316f-9088-910a0032a8f1.json;recording_b0c1b1b6-81d0-4a17-98e6-50ce0f964681.json;release_9e2fcbe4-e7f3-45c2-b24e-eb304f261fa9.json;artist_b0c1b1b6-81d0-4a17-98e6-50ce0f964681.json;NF;schubert-winterreise_170;
"Gerhard Hu_sch; Hanns-Udo Muller";Einsamkeit;NF;NF;work_855a2fe2-5274-388a-9817-b00f65b8616a.json;recording_36ca371e-c657-47b0-8922-863bd6959e01.json;release_9e2fcbe4-e7f3-45c2-b24e-eb304f261fa9.json;artist_36ca371e-c657-47b0-8922-863bd6959e01.json;NF;schubert-winterreise_20;
"Gerhard Hu_sch; Hanns-Udo Muller";Die Post;NF;NF;work_c722969e-2248-3e31-962b-dbc4195dbf4e.json;recording_b3e17d95-0ae3-4bc6-b0e5-ef5afd134d39.json;release_9e2fcbe4-e7f3-45c2-b24e-eb304f261fa9.json;artist_b3e17d95-0ae3-4bc6-b0e5-ef5afd134d39.json;NF;schubert-winterreise_72;
"Gerhard Hu_sch; Hanns-Udo Muller";Der greise Kopf;NF;NF;work_3d260810-bbd1-3b9a-b317-22ccc010efb9.json;recording_ab29bfc5-e096-49fa-a35b-13be1a167228.json;release_9e2fcbe4-e7f3-45c2-b24e-eb304f261fa9.json;artist_ab29bfc5-e096-49fa-a35b-13be1a167228.json;NF;schubert-winterreise_39;
"Gerhard Hu_sch; Hanns-Udo Muller";Die Krähe;NF;NF;work_fa639922-f1ee-33e9-a738-ba1a634ef000.json;recording_f640a2e8-e6b1-486d-b641-7a913276a3a5.json;release_9e2fcbe4-e7f3-45c2-b24e-eb304f261fa9.json;artist_f640a2e8-e6b1-486d-b641-7a913276a3a5.json;NF;schubert-winterreise_92;
"Gerhard Hu_sch; Hanns-Udo Muller";Letzte Hoffnung;NF;NF;work_26b535e0-7b11-3f29-ad78-40699bb889b7.json;recording_93f50e56-3d68-426b-84af-c25707f240ef.json;release_9e2fcbe4-e7f3-45c2-b24e-eb304f261fa9.json;artist_93f50e56-3d68-426b-84af-c25707f240ef.json;NF;schubert-winterreise_159;
"Gerhard Hu_sch; Hanns-Udo Muller";Im Dorfe;NF;NF;work_6c86b879-2589-3ce5-b611-c816bbc35241.json;recording_b6f6a804-a1c0-45b2-8ed3-6f19f260e326.json;release_9e2fcbe4-e7f3-45c2-b24e-eb304f261fa9.json;artist_b6f6a804-a1c0-45b2-8ed3-6f19f260e326.json;NF;schubert-winterreise_209;
"Gerhard Hu_sch; Hanns-Udo Muller";Der stürmische Morgen;NF;NF;work_86dcae05-2e73-316c-a458-06a9f0613239.json;recording_ad16ea1b-837d-42c8-89dd-109b18e34e5e.json;release_9e2fcbe4-e7f3-45c2-b24e-eb304f261fa9.json;artist_ad16ea1b-837d-42c8-89dd-109b18e34e5e.json;NF;schubert-winterreise_81;
"Gerhard Hu_sch; Hanns-Udo Muller";Täuschung;NF;NF;work_cdf92068-b39e-3a3b-90d4-47b1d28aaf55.json;recording_10514ba2-d94d-4647-b517-17bcb6e56f1f.json;release_9e2fcbe4-e7f3-45c2-b24e-eb304f261fa9.json;artist_10514ba2-d94d-4647-b517-17bcb6e56f1f.json;NF;schubert-winterreise_28;
"Gerhard Hu_sch; Hanns-Udo Muller";Der Wegweiser;NF;NF;work_d86fc5f7-ab2b-302e-82dd-e308f6926589.json;recording_bac32cf9-6051-474e-9385-40e0d37973e9.json;release_9e2fcbe4-e7f3-45c2-b24e-eb304f261fa9.json;artist_bac32cf9-6051-474e-9385-40e0d37973e9.json;NF;schubert-winterreise_98;
"Gerhard Hu_sch; Hanns-Udo Muller";Das Wirtshaus;NF;NF;work_b8ae8cca-8131-3021-9d70-0b069cec6f43.json;recording_96d80232-2b3e-4b74-9887-5ee1c5133c48.json;release_9e2fcbe4-e7f3-45c2-b24e-eb304f261fa9.json;artist_96d80232-2b3e-4b74-9887-5ee1c5133c48.json;NF;schubert-winterreise_48;
"Gerhard Hu_sch; Hanns-Udo Muller";Mut;NF;NF;work_6e3127a4-fade-3c3c-8389-4e018cfef4b1.json;recording_fe3bb035-f92e-4146-891b-3b961396fd6f.json;release_9e2fcbe4-e7f3-45c2-b24e-eb304f261fa9.json;artist_fe3bb035-f92e-4146-891b-3b961396fd6f.json;NF;schubert-winterreise_197;
"Gerhard Hu_sch; Hanns-Udo Muller";Die Nebensonnen;NF;NF;work_ac39ca1c-c000-3eaa-b6d7-4463496f3306.json;recording_2cc94385-d8b7-4885-bb64-653f7f75c8cb.json;release_9e2fcbe4-e7f3-45c2-b24e-eb304f261fa9.json;artist_2cc94385-d8b7-4885-bb64-653f7f75c8cb.json;NF;schubert-winterreise_148;
"Gerhard Hu_sch; Hanns-Udo Muller";Der Leiermann;NF;NF;work_f5fece54-67ce-302b-a648-14fe3cafc9dd.json;recording_8143610f-004e-4fc4-9b12-0ae96e4fd795.json;release_9e2fcbe4-e7f3-45c2-b24e-eb304f261fa9.json;artist_8143610f-004e-4fc4-9b12-0ae96e4fd795.json;NF;schubert-winterreise_180;
"Gerhard Hu_sch; Hanns-Udo Muller";Gute Nacht;NF;NF;work_485e9c1b-8b7f-32cd-8511-83f0259088e8.json;recording_82f07afc-9cc9-4033-ab19-acb8067829ed.json;release_9e2fcbe4-e7f3-45c2-b24e-eb304f261fa9.json;artist_82f07afc-9cc9-4033-ab19-acb8067829ed.json;NF;schubert-winterreise_95;
"Gerhard Hu_sch; Hanns-Udo Muller";Die Wetterfahne;NF;NF;work_2d92753d-b093-31d8-82f8-0cb4c46085a8.json;recording_830a91b8-7efa-446e-9137-2b621f3a4a5a.json;release_9e2fcbe4-e7f3-45c2-b24e-eb304f261fa9.json;artist_830a91b8-7efa-446e-9137-2b621f3a4a5a.json;NF;schubert-winterreise_153;
"Gerhard Hu_sch; Hanns-Udo Muller";Gefror'ne Tränen;NF;NF;work_cd3fd316-0c77-3aee-a71a-07b89cf1ae87.json;recording_cfba0f2f-6a76-4655-8705-3f3703d0e1fa.json;release_9e2fcbe4-e7f3-45c2-b24e-eb304f261fa9.json;artist_cfba0f2f-6a76-4655-8705-3f3703d0e1fa.json;NF;schubert-winterreise_211;
"Gerhard Hu_sch; Hanns-Udo Muller";Erstarrung;NF;NF;work_b4569220-e114-3996-858b-9f04abb95cec.json;recording_553b54b5-16d2-40ec-8b88-c4c5aaf9d41a.json;release_9e2fcbe4-e7f3-45c2-b24e-eb304f261fa9.json;artist_553b54b5-16d2-40ec-8b88-c4c5aaf9d41a.json;NF;schubert-winterreise_118;
"Gerhard Hu_sch; Hanns-Udo Muller";Der Lindenbaum;NF;NF;work_bfc17ef3-8807-3c31-8863-efd3a7463405.json;recording_22eec625-3e73-42ec-b8ec-918c76f15a95.json;release_9e2fcbe4-e7f3-45c2-b24e-eb304f261fa9.json;artist_22eec625-3e73-42ec-b8ec-918c76f15a95.json;NF;schubert-winterreise_172;
"Gerhard Hu_sch; Hanns-Udo Muller";Wasserflut;NF;NF;work_6cd9a8e9-7c14-3161-8c4a-79b713eddb52.json;recording_8e3d68c9-4b5c-4dd3-a398-ef2d1aa77bd6.json;release_9e2fcbe4-e7f3-45c2-b24e-eb304f261fa9.json;artist_8e3d68c9-4b5c-4dd3-a398-ef2d1aa77bd6.json;NF;schubert-winterreise_19;
"Gerhard Hu_sch; Hanns-Udo Muller";Auf dem Flusse;NF;NF;work_07cb5e1b-d3c5-3d3c-afd5-2dab83ee1de9.json;recording_a2290230-023a-42b3-8fc2-700dde5bfe50.json;release_9e2fcbe4-e7f3-45c2-b24e-eb304f261fa9.json;artist_a2290230-023a-42b3-8fc2-700dde5bfe50.json;NF;schubert-winterreise_78;
"Gerhard Hu_sch; Hanns-Udo Muller";Rückblick;NF;NF;work_59e9f581-5fab-312f-b6d1-06781254d2e6.json;recording_e5279511-1bbb-41be-9fca-5cf3d881e184.json;release_9e2fcbe4-e7f3-45c2-b24e-eb304f261fa9.json;artist_e5279511-1bbb-41be-9fca-5cf3d881e184.json;NF;schubert-winterreise_163;
"Gerhard Hu_sch; Hanns-Udo Muller";Irrlicht;NF;NF;work_2113b47d-5848-32d6-bdb1-737906af0f56.json;recording_fd5ddbdf-d02f-47c1-8259-424fb74a19b9.json;release_9e2fcbe4-e7f3-45c2-b24e-eb304f261fa9.json;artist_fd5ddbdf-d02f-47c1-8259-424fb74a19b9.json;NF;schubert-winterreise_108;
"Gerhard Hu_sch; Hanns-Udo Muller";Rast;NF;NF;work_7a7d1eef-3aec-395b-9b3b-78b527db0e62.json;recording_eb5cf0d0-6562-44fa-a1a1-e0fffbec42a5.json;release_9e2fcbe4-e7f3-45c2-b24e-eb304f261fa9.json;artist_eb5cf0d0-6562-44fa-a1a1-e0fffbec42a5.json;NF;schubert-winterreise_122;
"Gerhard Hu_sch; Hanns-Udo Muller";Frühlingstraum;NF;NF;work_7b7e76cc-4cdf-316f-9088-910a0032a8f1.json;recording_c0be5f3c-dcce-4d12-a140-c74f03ec519b.json;release_9e2fcbe4-e7f3-45c2-b24e-eb304f261fa9.json;artist_c0be5f3c-dcce-4d12-a140-c74f03ec519b.json;NF;schubert-winterreise_170;
"Gerhard Hu_sch; Hanns-Udo Muller";Einsamkeit;NF;NF;work_855a2fe2-5274-388a-9817-b00f65b8616a.json;recording_0e5875c1-6ff6-4617-bdfd-9af7f25537b4.json;release_9e2fcbe4-e7f3-45c2-b24e-eb304f261fa9.json;artist_0e5875c1-6ff6-4617-bdfd-9af7f25537b4.json;NF;schubert-winterreise_20;
"Gerhard Hu_sch; Hanns-Udo Muller";Die Post;NF;NF;work_c722969e-2248-3e31-962b-dbc4195dbf4e.json;recording_16471eaf-ae3d-4d6f-85cd-9ab15c8628e6.json;release_9e2fcbe4-e7f3-45c2-b24e-eb304f261fa9.json;artist_16471eaf-ae3d-4d6f-85cd-9ab15c8628e6.json;NF;schubert-winterreise_72;
"Gerhard Hu_sch; Hanns-Udo Muller";Der greise Kopf;NF;NF;work_3d260810-bbd1-3b9a-b317-22ccc010efb9.json;recording_e54623a0-ae50-4137-94d5-dde18cc2ce77.json;release_9e2fcbe4-e7f3-45c2-b24e-eb304f261fa9.json;artist_e54623a0-ae50-4137-94d5-dde18cc2ce77.json;NF;schubert-winterreise_39;
"Gerhard Hu_sch; Hanns-Udo Muller";Die Krähe;NF;NF;work_fa639922-f1ee-33e9-a738-ba1a634ef000.json;recording_84aab547-6fdb-4dc0-9e86-4dca9b0c4551.json;release_9e2fcbe4-e7f3-45c2-b24e-eb304f261fa9.json;artist_84aab547-6fdb-4dc0-9e86-4dca9b0c4551.json;NF;schubert-winterreise_92;
"Gerhard Hu_sch; Hanns-Udo Muller";Letzte Hoffnung;NF;NF;work_26b535e0-7b11-3f29-ad78-40699bb889b7.json;recording_ebb46e5c-496f-46bc-9f47-2b0d52a5e2ea.json;release_9e2fcbe4-e7f3-45c2-b24e-eb304f261fa9.json;artist_ebb46e5c-496f-46bc-9f47-2b0d52a5e2ea.json;NF;schubert-winterreise_159;
"Gerhard Hu_sch; Hanns-Udo Muller";Im Dorfe;NF;NF;work_6c86b879-2589-3ce5-b611-c816bbc35241.json;recording_1fb0dd36-20c5-45a6-8b05-ceb5bbd31932.json;release_9e2fcbe4-e7f3-45c2-b24e-eb304f261fa9.json;artist_1fb0dd36-20c5-45a6-8b05-ceb5bbd31932.json;NF;schubert-winterreise_209;
"Gerhard Hu_sch; Hanns-Udo Muller";Der stürmische Morgen;NF;NF;work_86dcae05-2e73-316c-a458-06a9f0613239.json;recording_fe5d8a22-738e-4919-8f92-37bb4a2b49ec.json;release_9e2fcbe4-e7f3-45c2-b24e-eb304f261fa9.json;artist_fe5d8a22-738e-4919-8f92-37bb4a2b49ec.json;NF;schubert-winterreise_81;
"Gerhard Hu_sch; Hanns-Udo Muller";Täuschung;NF;NF;work_cdf92068-b39e-3a3b-90d4-47b1d28aaf55.json;recording_0adf4bf3-c973-4b27-a03b-7d9ff119e646.json;release_9e2fcbe4-e7f3-45c2-b24e-eb304f261fa9.json;artist_0adf4bf3-c973-4b27-a03b-7d9ff119e646.json;NF;schubert-winterreise_28;
"Gerhard Hu_sch; Hanns-Udo Muller";Der Wegweiser;NF;NF;work_d86fc5f7-ab2b-302e-82dd-e308f6926589.json;recording_28220404-0f87-450b-8aa2-22c84a78401b.json;release_9e2fcbe4-e7f3-45c2-b24e-eb304f261fa9.json;artist_28220404-0f87-450b-8aa2-22c84a78401b.json;NF;schubert-winterreise_98;
"Gerhard Hu_sch; Hanns-Udo Muller";Das Wirtshaus;NF;NF;work_b8ae8cca-8131-3021-9d70-0b069cec6f43.json;recording_27debd91-15de-48f4-a9b0-3ec6789b0237.json;release_9e2fcbe4-e7f3-45c2-b24e-eb304f261fa9.json;artist_27debd91-15de-48f4-a9b0-3ec6789b0237.json;NF;schubert-winterreise_48;
"Gerhard Hu_sch; Hanns-Udo Muller";Mut;NF;NF;work_6e3127a4-fade-3c3c-8389-4e018cfef4b1.json;recording_1594e5e4-769d-4c97-aa39-201461877815.json;release_9e2fcbe4-e7f3-45c2-b24e-eb304f261fa9.json;artist_1594e5e4-769d-4c97-aa39-201461877815.json;NF;schubert-winterreise_197;
"Gerhard Hu_sch; Hanns-Udo Muller";Die Nebensonnen;NF;NF;work_ac39ca1c-c000-3eaa-b6d7-4463496f3306.json;recording_9e76e65e-5c48-457d-a859-fffb961a81d2.json;release_9e2fcbe4-e7f3-45c2-b24e-eb304f261fa9.json;artist_9e76e65e-5c48-457d-a859-fffb961a81d2.json;NF;schubert-winterreise_148;
"Gerhard Hu_sch; Hanns-Udo Muller";Der Leiermann;NF;NF;work_f5fece54-67ce-302b-a648-14fe3cafc9dd.json;recording_28a85fd5-40d6-4408-aadf-8e43711e09a5.json;release_9e2fcbe4-e7f3-45c2-b24e-eb304f261fa9.json;artist_28a85fd5-40d6-4408-aadf-8e43711e09a5.json;NF;schubert-winterreise_180;
Gerhard Hu_sch;NF;NF;NF;work_a7f303bc-b1c1-3b9e-9c96-93f49cdbde56.json;recording_8ae8ca2a-aced-4b7c-b374-6503d952b219.json;release_9e2fcbe4-e7f3-45c2-b24e-eb304f261fa9.json;artist_8ae8ca2a-aced-4b7c-b374-6503d952b219.json;NF;N/A;
Gerhard Hu_sch;NF;NF;NF;work_cecca425-f51b-3802-887b-97c89aa7534d.json;recording_0ad484a0-2d75-4bd4-b93d-87de95dfa5a0.json;release_9e2fcbe4-e7f3-45c2-b24e-eb304f261fa9.json;artist_0ad484a0-2d75-4bd4-b93d-87de95dfa5a0.json;NF;N/A;
Gerhard Hu_sch;NF;NF;NF;work_d783dab0-9f74-3226-81a0-645de2b56d3e.json;recording_7628ab01-3b39-4c42-9ca4-403abcd7d2d6.json;release_9e2fcbe4-e7f3-45c2-b24e-eb304f261fa9.json;artist_7628ab01-3b39-4c42-9ca4-403abcd7d2d6.json;NF;N/A;
Gerhard Hu_sch;NF;NF;NF;work_27cc1ef7-ab1d-30cf-b4ef-52b8c677d470.json;recording_bb0dc221-a728-440f-82ab-f5ae7c668e34.json;release_9e2fcbe4-e7f3-45c2-b24e-eb304f261fa9.json;artist_bb0dc221-a728-440f-82ab-f5ae7c668e34.json;NF;N/A;
Gerhard Hu_sch;NF;NF;NF;work_f67550f0-47b7-48ba-bd68-94151d69d660.json;recording_cfe67b38-04b2-4ad4-918f-e17683d7fad0.json;release_9e2fcbe4-e7f3-45c2-b24e-eb304f261fa9.json;artist_cfe67b38-04b2-4ad4-918f-e17683d7fad0.json;NF;N/A;
Gerhard Hu_sch;NF;NF;NF;work_d614a0cd-31e4-3ca9-9be1-66f024003319.json;recording_782dc9aa-16cb-4b93-9101-c4cff19289f1.json;release_9e2fcbe4-e7f3-45c2-b24e-eb304f261fa9.json;artist_782dc9aa-16cb-4b93-9101-c4cff19289f1.json;NF;N/A;
Gerhard Hu_sch;NF;NF;NF;work_cb37b29c-a975-3431-813f-9eea6519652d.json;recording_32486e0b-84a8-4370-8711-a593b5534914.json;release_9e2fcbe4-e7f3-45c2-b24e-eb304f261fa9.json;artist_32486e0b-84a8-4370-8711-a593b5534914.json;NF;N/A;
Gerhard Hu_sch;NF;NF;NF;work_10762634-6366-42a3-bcde-527209709e29.json;recording_7561b527-64c0-446a-8a35-5a7f33afc9c3.json;release_9e2fcbe4-e7f3-45c2-b24e-eb304f261fa9.json;artist_7561b527-64c0-446a-8a35-5a7f33afc9c3.json;NF;N/A;
Gerhard Hu_sch;NF;NF;NF;work_f15d16e0-33d1-41e9-ab2b-95f8e12865bc.json;recording_49de87ff-2f27-4faf-a007-fb399decd166.json;release_9e2fcbe4-e7f3-45c2-b24e-eb304f261fa9.json;artist_49de87ff-2f27-4faf-a007-fb399decd166.json;NF;N/A;
Gerhard Hu_sch;NF;NF;NF;work_7f840123-d09c-3da6-adb4-02291aaad6fa.json;recording_9219a242-bc99-41bf-a8d9-790ce5b2a617.json;release_9e2fcbe4-e7f3-45c2-b24e-eb304f261fa9.json;artist_9219a242-bc99-41bf-a8d9-790ce5b2a617.json;NF;N/A;
Gerhard Hu_sch;NF;NF;NF;work_f7283261-de00-42ce-ae1b-595949e7d259.json;recording_603dc88a-9f65-4d53-8ecf-64d1ea4c7b2b.json;release_9e2fcbe4-e7f3-45c2-b24e-eb304f261fa9.json;artist_603dc88a-9f65-4d53-8ecf-64d1ea4c7b2b.json;NF;N/A;
Gerhard Hu_sch;NF;NF;NF;work_c8b6fe29-b3bb-3f46-ac85-5193f2116e6f.json;recording_3d9b26d5-d2a3-4a51-8da4-bd5a359eb17a.json;release_9e2fcbe4-e7f3-45c2-b24e-eb304f261fa9.json;artist_3d9b26d5-d2a3-4a51-8da4-bd5a359eb17a.json;NF;N/A;
Gerhard Hu_sch;NF;NF;NF;work_d01dc6e9-5e62-316c-8ee4-b6ffe66135c9.json;recording_89fabe55-9eb3-4d18-afb5-094106df24c7.json;release_9e2fcbe4-e7f3-45c2-b24e-eb304f261fa9.json;artist_89fabe55-9eb3-4d18-afb5-094106df24c7.json;NF;N/A;
Gerhard Hu_sch;NF;NF;NF;work_f2a4830a-dc06-3922-8fa1-a24829cd542c.json;recording_4d93ee68-5d48-4759-bdd4-074b8fdecb9f.json;release_9e2fcbe4-e7f3-45c2-b24e-eb304f261fa9.json;artist_4d93ee68-5d48-4759-bdd4-074b8fdecb9f.json;NF;N/A;
Gerhard Hu_sch;NF;NF;NF;work_15dfebff-2e0d-4613-b5dc-f0cbabca903c.json;recording_9e495f3c-fb55-4ff5-a078-3cc223fadf67.json;release_9e2fcbe4-e7f3-45c2-b24e-eb304f261fa9.json;artist_9e495f3c-fb55-4ff5-a078-3cc223fadf67.json;NF;N/A;
Gerhard Hu_sch;NF;NF;NF;work_62009869-6d42-3fd9-881b-e9d3b2a9a972.json;recording_a3ba71a9-f447-4ae6-8995-7bd0df2dd607.json;release_9e2fcbe4-e7f3-45c2-b24e-eb304f261fa9.json;artist_a3ba71a9-f447-4ae6-8995-7bd0df2dd607.json;NF;N/A;
Gerhard Hu_sch;NF;NF;NF;work_654ae86b-f8a5-3d78-9cad-24fda9707d5b.json;recording_da803efb-4688-43c3-b776-5240b3d1f45c.json;release_9e2fcbe4-e7f3-45c2-b24e-eb304f261fa9.json;artist_da803efb-4688-43c3-b776-5240b3d1f45c.json;NF;N/A;
Gerhard Hu_sch;NF;NF;NF;work_20d072f6-4754-3b53-9b66-549f06fc305d.json;recording_26cd6cee-eb3e-4180-a4c1-e7ef29537a31.json;release_9e2fcbe4-e7f3-45c2-b24e-eb304f261fa9.json;artist_26cd6cee-eb3e-4180-a4c1-e7ef29537a31.json;NF;N/A;
Gerhard Hu_sch;NF;NF;NF;work_92aab282-8da5-312f-86b4-b171857d5bcb.json;recording_81c6dae6-b2a1-47fc-ad6b-00f27ce3229b.json;release_9e2fcbe4-e7f3-45c2-b24e-eb304f261fa9.json;artist_81c6dae6-b2a1-47fc-ad6b-00f27ce3229b.json;NF;N/A;
Gerhard Hu_sch;NF;NF;NF;work_eaae6f48-b53c-3099-aa37-8c38963c995e.json;recording_69680893-0489-447c-8aa3-918391ec4ca1.json;release_9e2fcbe4-e7f3-45c2-b24e-eb304f261fa9.json;artist_69680893-0489-447c-8aa3-918391ec4ca1.json;NF;N/A;
Gerhard Hu_sch;NF;NF;NF;work_4893996d-a876-4ccd-9317-033a2421473d.json;recording_18058131-4b0c-4050-b7f6-7596a277e9ba.json;release_9e2fcbe4-e7f3-45c2-b24e-eb304f261fa9.json;artist_18058131-4b0c-4050-b7f6-7596a277e9ba.json;NF;N/A;
Gerhard Hu_sch;NF;NF;NF;work_43cd2fbe-fbff-4254-9116-db48a5f6c53a.json;recording_52d57434-53f4-4d41-b810-912927c1ce5d.json;release_9e2fcbe4-e7f3-45c2-b24e-eb304f261fa9.json;artist_52d57434-53f4-4d41-b810-912927c1ce5d.json;NF;N/A;
Gerhard Hu_sch;NF;NF;NF;work_f7283261-de00-42ce-ae1b-595949e7d259.json;recording_50d3d41d-f033-4379-af45-c6e8aefad325.json;release_9e2fcbe4-e7f3-45c2-b24e-eb304f261fa9.json;artist_50d3d41d-f033-4379-af45-c6e8aefad325.json;NF;N/A;
Gerhard Hu_sch;NF;NF;NF;work_b5853a69-aac9-42d7-aa27-35918f54f977.json;recording_2776b1c8-fb81-4fd9-9b09-2cb44ac119a4.json;release_9e2fcbe4-e7f3-45c2-b24e-eb304f261fa9.json;artist_2776b1c8-fb81-4fd9-9b09-2cb44ac119a4.json;NF;N/A;
Gerhard Hu_sch;NF;NF;NF;work_a7f303bc-b1c1-3b9e-9c96-93f49cdbde56.json;recording_f7da5ec9-584b-412b-be2d-e6f46129462a.json;release_9e2fcbe4-e7f3-45c2-b24e-eb304f261fa9.json;artist_f7da5ec9-584b-412b-be2d-e6f46129462a.json;NF;N/A;
Gerhard Hu_sch;NF;NF;NF;work_4e794b7c-9b95-4f69-af2c-5a66c3b27bcd.json;recording_144dc585-a196-430b-b742-db28ff74f385.json;release_9e2fcbe4-e7f3-45c2-b24e-eb304f261fa9.json;artist_144dc585-a196-430b-b742-db28ff74f385.json;NF;N/A;
Gerhard Hu_sch;NF;NF;NF;work_46fb5645-4e13-34a2-ac74-595a69fd3bee.json;recording_c92e8630-d56f-4925-8422-758a65101cd1.json;release_9e2fcbe4-e7f3-45c2-b24e-eb304f261fa9.json;artist_c92e8630-d56f-4925-8422-758a65101cd1.json;NF;N/A;
Gerhard Hu_sch;NF;NF;NF;work_f31b55b9-d6a4-4e74-a5dc-06986fe12762.json;recording_db5fda55-9424-4283-b99a-502bc05cf1d5.json;release_9e2fcbe4-e7f3-45c2-b24e-eb304f261fa9.json;artist_db5fda55-9424-4283-b99a-502bc05cf1d5.json;NF;N/A;
Gerhard Hu_sch;NF;NF;NF;work_42b71c7d-1ab5-387c-b03a-91d45a91b45c.json;recording_40fad6c1-f03f-4764-acbf-a04fdd79a0d2.json;release_9e2fcbe4-e7f3-45c2-b24e-eb304f261fa9.json;artist_40fad6c1-f03f-4764-acbf-a04fdd79a0d2.json;NF;N/A;
Gerhard Hu_sch;NF;NF;NF;work_20cbe08a-94cb-4181-92ab-86c41634e079.json;recording_61d9d17a-9ced-4e27-80fe-1165077f9f64.json;release_9e2fcbe4-e7f3-45c2-b24e-eb304f261fa9.json;artist_61d9d17a-9ced-4e27-80fe-1165077f9f64.json;NF;N/A;
Gerhard Hu_sch;NF;NF;NF;work_b2be878e-12f4-3ce1-85e0-6b84d07ea43c.json;recording_01ec6f97-588a-435a-8a91-8f54195e9c61.json;release_9e2fcbe4-e7f3-45c2-b24e-eb304f261fa9.json;artist_01ec6f97-588a-435a-8a91-8f54195e9c61.json;NF;N/A;
Gerhard Hu_sch;NF;NF;NF;work_f18df42a-de30-3dff-b2c7-b5fd1a66b597.json;recording_a528811b-1300-4512-b614-db9ac4165b53.json;release_9e2fcbe4-e7f3-45c2-b24e-eb304f261fa9.json;artist_a528811b-1300-4512-b614-db9ac4165b53.json;NF;N/A;
Gerhard Hu_sch;NF;NF;NF;work_d79e53ef-2ce2-369f-9e1c-9899e0eff455.json;recording_ccb46f6f-b28c-4a81-8feb-9915511feaef.json;release_9e2fcbe4-e7f3-45c2-b24e-eb304f261fa9.json;artist_ccb46f6f-b28c-4a81-8feb-9915511feaef.json;NF;N/A;
Gerhard Hu_sch;NF;NF;NF;work_ef2aa1d0-3570-3ff9-875b-863d8f94e84b.json;recording_64398fd8-a2a1-4c84-9936-5c0f3d69486c.json;release_9e2fcbe4-e7f3-45c2-b24e-eb304f261fa9.json;artist_64398fd8-a2a1-4c84-9936-5c0f3d69486c.json;NF;N/A;
"Gerhard Hu_sch; Hanns-Udo Muller";Der Wegweiser;NF;NF;work_d86fc5f7-ab2b-302e-82dd-e308f6926589.json;recording_0669405f-9627-4ca6-9fae-5fda9fe2a885.json;release_9e2fcbe4-e7f3-45c2-b24e-eb304f261fa9.json;artist_0669405f-9627-4ca6-9fae-5fda9fe2a885.json;NF;schubert-winterreise_98;
"Gerhard Hu_sch; Hanns-Udo Muller";Das Wirtshaus;NF;NF;work_b8ae8cca-8131-3021-9d70-0b069cec6f43.json;recording_c11dd560-83ea-4fe4-8208-a46365af16ac.json;release_9e2fcbe4-e7f3-45c2-b24e-eb304f261fa9.json;artist_c11dd560-83ea-4fe4-8208-a46365af16ac.json;NF;schubert-winterreise_48;
Gerhard Hu_sch;NF;NF;NF;work_6529005c-1b6d-3d0f-ade8-9f287ae04be0.json;recording_51c6dad4-e734-4115-a09a-b71961769653.json;release_9e2fcbe4-e7f3-45c2-b24e-eb304f261fa9.json;artist_51c6dad4-e734-4115-a09a-b71961769653.json;NF;N/A;
Gerhard Hu_sch;NF;NF;NF;work_152dadac-fe51-4d69-96aa-b4fd38a868d2.json;recording_1d79d961-82a0-402e-aa2c-f79d4a749fb8.json;release_9e2fcbe4-e7f3-45c2-b24e-eb304f261fa9.json;artist_1d79d961-82a0-402e-aa2c-f79d4a749fb8.json;NF;N/A;
Gerhard Hu_sch;NF;NF;NF;work_0d698016-a94c-3f8a-9168-6335c6232433.json;recording_a099e034-6ede-4a8d-acbc-44b4e01422f8.json;release_9e2fcbe4-e7f3-45c2-b24e-eb304f261fa9.json;artist_a099e034-6ede-4a8d-acbc-44b4e01422f8.json;NF;N/A;
Gerhard Hu_sch;NF;NF;NF;work_62009869-6d42-3fd9-881b-e9d3b2a9a972.json;recording_dc4c00a7-d388-4d8b-a329-4efa3d466289.json;release_9e2fcbe4-e7f3-45c2-b24e-eb304f261fa9.json;artist_dc4c00a7-d388-4d8b-a329-4efa3d466289.json;NF;N/A;
Gerhard Hu_sch;NF;NF;NF;work_e6fc4e69-252b-3051-bf6d-e5fa66e14ebb.json;recording_2729b79a-7778-4b1e-a153-5c0d06dd3d8c.json;release_9e2fcbe4-e7f3-45c2-b24e-eb304f261fa9.json;artist_2729b79a-7778-4b1e-a153-5c0d06dd3d8c.json;NF;N/A;
Gerhard Hu_sch;NF;NF;NF;work_11ac08cd-96af-38ba-a120-7e6895e67310.json;recording_fb6b2142-8c56-482a-837f-76de7153f82f.json;release_9e2fcbe4-e7f3-45c2-b24e-eb304f261fa9.json;artist_fb6b2142-8c56-482a-837f-76de7153f82f.json;NF;N/A;
Gerhard Hu_sch;NF;NF;NF;work_10ab323c-646f-4975-8a5c-f94e40e39eb9.json;recording_aff81cc2-7443-4282-8621-deede11d19fc.json;release_9e2fcbe4-e7f3-45c2-b24e-eb304f261fa9.json;artist_aff81cc2-7443-4282-8621-deede11d19fc.json;NF;N/A;
Gerhard Hu_sch;NF;NF;NF;work_5d48653b-1471-313f-98a7-8a0786525842.json;recording_9f9bb6ef-f9f1-4f0b-8672-8f6705568a6a.json;release_9e2fcbe4-e7f3-45c2-b24e-eb304f261fa9.json;artist_9f9bb6ef-f9f1-4f0b-8672-8f6705568a6a.json;NF;N/A;
Gerhard Hu_sch;NF;NF;NF;work_8260d18a-98de-4f14-b8ac-14f8763a0daf.json;recording_8de58eab-5921-47f1-b836-4c58f71bb280.json;release_9e2fcbe4-e7f3-45c2-b24e-eb304f261fa9.json;artist_8de58eab-5921-47f1-b836-4c58f71bb280.json;NF;N/A;
Gerhard Hu_sch;NF;NF;NF;work_439b6eca-f02a-33ff-a916-0d9f82cbda03.json;recording_83c415f0-a219-4012-ad9b-758144c05e09.json;release_9e2fcbe4-e7f3-45c2-b24e-eb304f261fa9.json;artist_83c415f0-a219-4012-ad9b-758144c05e09.json;NF;N/A;
Gerhard Hu_sch;NF;NF;NF;work_4893996d-a876-4ccd-9317-033a2421473d.json;recording_ab150ef2-ffbe-475a-af40-7a68e1a7fe83.json;release_9e2fcbe4-e7f3-45c2-b24e-eb304f261fa9.json;artist_ab150ef2-ffbe-475a-af40-7a68e1a7fe83.json;NF;N/A;
Gerhard Hu_sch;NF;NF;NF;work_cb37b29c-a975-3431-813f-9eea6519652d.json;recording_f4fff962-e87c-46c9-b70e-65249db62c47.json;release_9e2fcbe4-e7f3-45c2-b24e-eb304f261fa9.json;artist_f4fff962-e87c-46c9-b70e-65249db62c47.json;NF;N/A;
Gerhard Hu_sch;NF;NF;NF;work_a70813a8-c1de-4c69-847e-e45ba6300309.json;recording_a6d41eb8-82d1-4c58-bc3c-20e1b74adf88.json;release_9e2fcbe4-e7f3-45c2-b24e-eb304f261fa9.json;artist_a6d41eb8-82d1-4c58-bc3c-20e1b74adf88.json;NF;N/A;
Gerhard Hu_sch;NF;NF;NF;work_5a5c5566-4cfe-3f38-b20d-bf528c898428.json;recording_bf3abf27-2a77-4171-8d74-8904948204d3.json;release_9e2fcbe4-e7f3-45c2-b24e-eb304f261fa9.json;artist_bf3abf27-2a77-4171-8d74-8904948204d3.json;NF;N/A;
Gerhard Hu_sch;NF;NF;NF;work_f3632df7-e278-34e9-a2ea-ecd2884ed034.json;recording_78e9b6cb-e737-4d96-9f23-0fc21f9bd731.json;release_9e2fcbe4-e7f3-45c2-b24e-eb304f261fa9.json;artist_78e9b6cb-e737-4d96-9f23-0fc21f9bd731.json;NF;N/A;
Gerhard Hu_sch;NF;NF;NF;work_f8f24282-f70c-39a1-b615-496493f1d26f.json;recording_ce931c1e-dd8c-487c-ace1-79fce631c970.json;release_9e2fcbe4-e7f3-45c2-b24e-eb304f261fa9.json;artist_ce931c1e-dd8c-487c-ace1-79fce631c970.json;NF;N/A;
Gerhard Hu_sch;NF;NF;NF;work_61ed4156-3a91-3835-8486-3a7a6b17e374.json;recording_a470c5cf-7900-4fd3-8bfe-c79c823c8a07.json;release_9e2fcbe4-e7f3-45c2-b24e-eb304f261fa9.json;artist_a470c5cf-7900-4fd3-8bfe-c79c823c8a07.json;NF;N/A;
Gerhard Hu_sch;NF;NF;NF;work_59909dea-6a7e-36fb-9954-d81dbb19cb3f.json;recording_25b57122-f7ef-4336-a078-53afae328264.json;release_9e2fcbe4-e7f3-45c2-b24e-eb304f261fa9.json;artist_25b57122-f7ef-4336-a078-53afae328264.json;NF;N/A;
Gerhard Hu_sch;NF;NF;NF;work_5ef65753-2695-30a5-8483-daeb19e614b9.json;recording_e8c00886-b215-4f2b-a3f2-f26a1c1fd6aa.json;release_9e2fcbe4-e7f3-45c2-b24e-eb304f261fa9.json;artist_e8c00886-b215-4f2b-a3f2-f26a1c1fd6aa.json;NF;N/A;
Gerhard Hu_sch;NF;NF;NF;work_20cbe08a-94cb-4181-92ab-86c41634e079.json;recording_be363682-895d-4d82-8813-9ea38c96868b.json;release_9e2fcbe4-e7f3-45c2-b24e-eb304f261fa9.json;artist_be363682-895d-4d82-8813-9ea38c96868b.json;NF;N/A;
Gerhard Hu_sch;NF;NF;NF;work_b2be878e-12f4-3ce1-85e0-6b84d07ea43c.json;recording_d2dd6e26-d22c-42ab-b23b-d104acd1b915.json;release_9e2fcbe4-e7f3-45c2-b24e-eb304f261fa9.json;artist_d2dd6e26-d22c-42ab-b23b-d104acd1b915.json;NF;N/A;
Gerhard Hu_sch;NF;NF;NF;work_8ed894c8-848e-4872-b35a-17625cc6e661.json;recording_91b72f89-9ff7-4d7f-a010-6dda6983e48e.json;release_9e2fcbe4-e7f3-45c2-b24e-eb304f261fa9.json;artist_91b72f89-9ff7-4d7f-a010-6dda6983e48e.json;NF;N/A;
Gerhard Hu_sch;NF;NF;NF;work_0d698016-a94c-3f8a-9168-6335c6232433.json;recording_3cd7d47d-a2cc-4881-87ea-9a97c7fd5b8a.json;release_9e2fcbe4-e7f3-45c2-b24e-eb304f261fa9.json;artist_3cd7d47d-a2cc-4881-87ea-9a97c7fd5b8a.json;NF;N/A;
Gerhard Hu_sch;NF;NF;NF;work_62009869-6d42-3fd9-881b-e9d3b2a9a972.json;recording_0ec0cfaf-7368-4ba3-8e34-921378d6e0bc.json;release_9e2fcbe4-e7f3-45c2-b24e-eb304f261fa9.json;artist_0ec0cfaf-7368-4ba3-8e34-921378d6e0bc.json;NF;N/A;
Gerhard Hu_sch;NF;NF;NF;work_352cdb51-ec97-4791-aaff-f9f98aa2b3fb.json;recording_23cb60bb-afdf-4ed5-b38f-ca30b5057886.json;release_9e2fcbe4-e7f3-45c2-b24e-eb304f261fa9.json;artist_23cb60bb-afdf-4ed5-b38f-ca30b5057886.json;NF;N/A;
"Gerhard Hu_sch; Hanns-Udo Muller";Die Post;NF;NF;work_c722969e-2248-3e31-962b-dbc4195dbf4e.json;recording_3aff8ceb-0300-4b16-bc18-2069f8581fbb.json;release_9e2fcbe4-e7f3-45c2-b24e-eb304f261fa9.json;artist_3aff8ceb-0300-4b16-bc18-2069f8581fbb.json;NF;schubert-winterreise_72;
Gerhard Hu_sch;NF;NF;NF;work_d783dab0-9f74-3226-81a0-645de2b56d3e.json;recording_b9fc5878-1bb2-4238-9cc4-47fa405535fc.json;release_9e2fcbe4-e7f3-45c2-b24e-eb304f261fa9.json;artist_b9fc5878-1bb2-4238-9cc4-47fa405535fc.json;NF;N/A;
Gerhard Hu_sch;NF;NF;NF;work_f8f24282-f70c-39a1-b615-496493f1d26f.json;recording_f538b163-fcb8-42b4-b89e-af141dd25f44.json;release_9e2fcbe4-e7f3-45c2-b24e-eb304f261fa9.json;artist_f538b163-fcb8-42b4-b89e-af141dd25f44.json;NF;N/A;
Gerhard Hu_sch;NF;NF;NF;work_2e3286a7-00ba-33f1-8d96-ab303efadc43.json;recording_2632e535-85a5-4921-abb5-0d7703401296.json;release_9e2fcbe4-e7f3-45c2-b24e-eb304f261fa9.json;artist_2632e535-85a5-4921-abb5-0d7703401296.json;NF;N/A;
Gerhard Hu_sch;NF;NF;NF;work_9bb17d9e-aaca-3a42-8885-3afb9f1235f1.json;recording_3bb2fc4c-d00e-431c-ba10-6bc9537e9fe1.json;release_9e2fcbe4-e7f3-45c2-b24e-eb304f261fa9.json;artist_3bb2fc4c-d00e-431c-ba10-6bc9537e9fe1.json;NF;N/A;
Gerhard Hu_sch;NF;NF;NF;work_018e0d2c-34cd-4fef-a65f-78656372f3c9.json;recording_6fb13df4-1a0b-4ae7-bb3d-ce373dc2def8.json;release_9e2fcbe4-e7f3-45c2-b24e-eb304f261fa9.json;artist_6fb13df4-1a0b-4ae7-bb3d-ce373dc2def8.json;NF;N/A;
Gerhard Hu_sch;NF;NF;NF;work_07d6896b-1967-43ea-bee9-dc56a0693430.json;recording_5731e9b3-893e-4b52-9782-bb064e53e59a.json;release_9e2fcbe4-e7f3-45c2-b24e-eb304f261fa9.json;artist_5731e9b3-893e-4b52-9782-bb064e53e59a.json;NF;N/A;
Gerhard Hu_sch;NF;NF;NF;work_439b6eca-f02a-33ff-a916-0d9f82cbda03.json;recording_0533d843-d152-4c01-8db5-19700d787a0c.json;release_9e2fcbe4-e7f3-45c2-b24e-eb304f261fa9.json;artist_0533d843-d152-4c01-8db5-19700d787a0c.json;NF;N/A;
Gerhard Hu_sch;NF;NF;NF;work_238d2408-fe7c-48ed-9327-9476d01ec1ae.json;recording_919bce19-c07a-4009-bef9-3091664d7a6d.json;release_9e2fcbe4-e7f3-45c2-b24e-eb304f261fa9.json;artist_919bce19-c07a-4009-bef9-3091664d7a6d.json;NF;N/A;
Gerhard Hu_sch;NF;NF;NF;work_62009869-6d42-3fd9-881b-e9d3b2a9a972.json;recording_a8053c0c-f2fe-4af6-a9a9-2354acf2dfd0.json;release_9e2fcbe4-e7f3-45c2-b24e-eb304f261fa9.json;artist_a8053c0c-f2fe-4af6-a9a9-2354acf2dfd0.json;NF;N/A;
Gerhard Hu_sch;NF;NF;NF;work_b535b439-9c59-3572-9eb2-b26ece1311b9.json;recording_e56d528b-966a-44ea-a71a-8795e8bdac5e.json;release_9e2fcbe4-e7f3-45c2-b24e-eb304f261fa9.json;artist_e56d528b-966a-44ea-a71a-8795e8bdac5e.json;NF;N/A;
Gerhard Hu_sch;NF;NF;NF;work_d614a0cd-31e4-3ca9-9be1-66f024003319.json;recording_a091a4db-6a35-4ca8-af22-52874778b736.json;release_9e2fcbe4-e7f3-45c2-b24e-eb304f261fa9.json;artist_a091a4db-6a35-4ca8-af22-52874778b736.json;NF;N/A;
Gerhard Hu_sch;NF;NF;NF;work_93bcc6a3-c5e7-4a66-a17c-be1088b7998e.json;recording_e7c56c97-c1a0-4eb7-b172-3ea613df720c.json;release_9e2fcbe4-e7f3-45c2-b24e-eb304f261fa9.json;artist_e7c56c97-c1a0-4eb7-b172-3ea613df720c.json;NF;N/A;
Gerhard Hu_sch;NF;NF;NF;work_d783dab0-9f74-3226-81a0-645de2b56d3e.json;recording_6c06358d-2f9f-4924-af46-cf66bbaf6843.json;release_9e2fcbe4-e7f3-45c2-b24e-eb304f261fa9.json;artist_6c06358d-2f9f-4924-af46-cf66bbaf6843.json;NF;N/A;
Gerhard Hu_sch;NF;NF;NF;work_20d072f6-4754-3b53-9b66-549f06fc305d.json;recording_594006a5-8aae-4c15-ab68-9cb418293111.json;release_9e2fcbe4-e7f3-45c2-b24e-eb304f261fa9.json;artist_594006a5-8aae-4c15-ab68-9cb418293111.json;NF;N/A;
Gerhard Hu_sch;NF;NF;NF;work_7f840123-d09c-3da6-adb4-02291aaad6fa.json;recording_903e8ddc-e9ef-4a67-be5f-80bb7a560941.json;release_9e2fcbe4-e7f3-45c2-b24e-eb304f261fa9.json;artist_903e8ddc-e9ef-4a67-be5f-80bb7a560941.json;NF;N/A;
Gerhard Hu_sch;NF;NF;NF;work_d79e53ef-2ce2-369f-9e1c-9899e0eff455.json;recording_263b3101-e3ae-40eb-9a0e-aa8d11e8116d.json;release_9e2fcbe4-e7f3-45c2-b24e-eb304f261fa9.json;artist_263b3101-e3ae-40eb-9a0e-aa8d11e8116d.json;NF;N/A;
Gerhard Hu_sch;NF;NF;NF;work_439b6eca-f02a-33ff-a916-0d9f82cbda03.json;recording_f35b904c-a400-4de3-99e0-b49451252130.json;release_9e2fcbe4-e7f3-45c2-b24e-eb304f261fa9.json;artist_f35b904c-a400-4de3-99e0-b49451252130.json;NF;N/A;
Gerhard Hu_sch;NF;NF;NF;work_20d072f6-4754-3b53-9b66-549f06fc305d.json;recording_32fa84b0-0035-4bde-a918-f8bea8f5ccf0.json;release_9e2fcbe4-e7f3-45c2-b24e-eb304f261fa9.json;artist_32fa84b0-0035-4bde-a918-f8bea8f5ccf0.json;NF;N/A;
Gerhard Hu_sch;NF;NF;NF;work_b2be878e-12f4-3ce1-85e0-6b84d07ea43c.json;recording_a6d89fe1-9386-4c88-8766-aaaaba490587.json;release_9e2fcbe4-e7f3-45c2-b24e-eb304f261fa9.json;artist_a6d89fe1-9386-4c88-8766-aaaaba490587.json;NF;N/A;
Gerhard Hu_sch;NF;NF;NF;work_184e1531-93a4-34e9-903e-14504261f533.json;recording_2f25c9c0-fb00-40e2-b1f0-c9a74612c617.json;release_9e2fcbe4-e7f3-45c2-b24e-eb304f261fa9.json;artist_2f25c9c0-fb00-40e2-b1f0-c9a74612c617.json;NF;N/A;
"Gerhard Hu_sch; Hanns-Udo Muller";Der Lindenbaum;NF;NF;work_bfc17ef3-8807-3c31-8863-efd3a7463405.json;recording_d7548193-8490-4c7a-b14e-8a4ba363e43d.json;release_9e2fcbe4-e7f3-45c2-b24e-eb304f261fa9.json;artist_d7548193-8490-4c7a-b14e-8a4ba363e43d.json;NF;schubert-winterreise_172;
Gerhard Hu_sch;NF;NF;NF;work_43118055-589c-3764-9284-7f649f3b6d3e.json;recording_334eaa7a-a804-462e-a8f7-f123e03d6a74.json;release_9e2fcbe4-e7f3-45c2-b24e-eb304f261fa9.json;artist_334eaa7a-a804-462e-a8f7-f123e03d6a74.json;NF;N/A;
Gerhard Hu_sch;NF;NF;NF;work_c3f3695d-8b19-3a92-b427-5a4dc594ea37.json;recording_2e7a7d14-f601-4fed-80ff-e66e7f5e565d.json;release_9e2fcbe4-e7f3-45c2-b24e-eb304f261fa9.json;artist_2e7a7d14-f601-4fed-80ff-e66e7f5e565d.json;NF;N/A;
Gerhard Hu_sch;NF;NF;NF;work_8777bf67-d96c-3adc-bb99-23ff38ad7560.json;recording_8dffaa8d-3ae1-406e-8804-eb42e09d6572.json;release_9e2fcbe4-e7f3-45c2-b24e-eb304f261fa9.json;artist_8dffaa8d-3ae1-406e-8804-eb42e09d6572.json;NF;N/A;
"Gerhard Hu_sch; Hanns-Udo Muller";Der Lindenbaum;NF;NF;work_bfc17ef3-8807-3c31-8863-efd3a7463405.json;recording_057b8c00-6ffc-4c78-b61d-9edee7c3ba74.json;release_9e2fcbe4-e7f3-45c2-b24e-eb304f261fa9.json;artist_057b8c00-6ffc-4c78-b61d-9edee7c3ba74.json;NF;schubert-winterreise_172;
"Gerhard Hu_sch; Hanns-Udo Muller";Der Wegweiser;NF;NF;work_d86fc5f7-ab2b-302e-82dd-e308f6926589.json;recording_b74ca1f4-f370-4532-87b1-fccaf0705f51.json;release_9e2fcbe4-e7f3-45c2-b24e-eb304f261fa9.json;artist_b74ca1f4-f370-4532-87b1-fccaf0705f51.json;NF;schubert-winterreise_98;
Gerhard Hu_sch;NF;NF;NF;work_2e3286a7-00ba-33f1-8d96-ab303efadc43.json;recording_160d9b9d-09d1-46d6-953c-51dd5ae22e37.json;release_9e2fcbe4-e7f3-45c2-b24e-eb304f261fa9.json;artist_160d9b9d-09d1-46d6-953c-51dd5ae22e37.json;NF;N/A;
Gerhard Hu_sch;NF;NF;NF;work_be215d13-0799-3193-b7c2-b88588008c03.json;recording_be4c7cb1-89b8-4b6a-839d-472e2dd1f7db.json;release_9e2fcbe4-e7f3-45c2-b24e-eb304f261fa9.json;artist_be4c7cb1-89b8-4b6a-839d-472e2dd1f7db.json;NF;N/A;
Gerhard Hu_sch;NF;NF;NF;work_e6fc4e69-252b-3051-bf6d-e5fa66e14ebb.json;recording_7acb32da-3382-4b80-9f13-cf1d39add924.json;release_9e2fcbe4-e7f3-45c2-b24e-eb304f261fa9.json;artist_7acb32da-3382-4b80-9f13-cf1d39add924.json;NF;N/A;
Gerhard Hu_sch;NF;NF;NF;work_d614a0cd-31e4-3ca9-9be1-66f024003319.json;recording_72ee076f-9403-4c0c-9fc2-9bc778a2c9fc.json;release_9e2fcbe4-e7f3-45c2-b24e-eb304f261fa9.json;artist_72ee076f-9403-4c0c-9fc2-9bc778a2c9fc.json;NF;N/A;
Gerhard Hu_sch;NF;NF;NF;work_439b6eca-f02a-33ff-a916-0d9f82cbda03.json;recording_a44c4510-6a2b-4e0e-aa8e-7245a89f3200.json;release_9e2fcbe4-e7f3-45c2-b24e-eb304f261fa9.json;artist_a44c4510-6a2b-4e0e-aa8e-7245a89f3200.json;NF;N/A;
Gerhard Hu_sch;NF;NF;NF;work_43118055-589c-3764-9284-7f649f3b6d3e.json;recording_2a7e39c8-011e-4dd6-ba74-216c2d4db7bd.json;release_9e2fcbe4-e7f3-45c2-b24e-eb304f261fa9.json;artist_2a7e39c8-011e-4dd6-ba74-216c2d4db7bd.json;NF;N/A;
Gerhard Hu_sch;NF;NF;NF;work_d783dab0-9f74-3226-81a0-645de2b56d3e.json;recording_29757390-300d-4e6b-9df7-db789091611e.json;release_9e2fcbe4-e7f3-45c2-b24e-eb304f261fa9.json;artist_29757390-300d-4e6b-9df7-db789091611e.json;NF;N/A;
Gerhard Hu_sch;NF;NF;NF;work_6529005c-1b6d-3d0f-ade8-9f287ae04be0.json;recording_626985f2-0adc-477b-a105-e2048daca122.json;release_9e2fcbe4-e7f3-45c2-b24e-eb304f261fa9.json;artist_626985f2-0adc-477b-a105-e2048daca122.json;NF;N/A;
Gerhard Hu_sch;NF;NF;NF;work_46fb5645-4e13-34a2-ac74-595a69fd3bee.json;recording_5e9e125c-3425-46a7-afa3-8407c70bc9d9.json;release_9e2fcbe4-e7f3-45c2-b24e-eb304f261fa9.json;artist_5e9e125c-3425-46a7-afa3-8407c70bc9d9.json;NF;N/A;
Gerhard Hu_sch;NF;NF;NF;work_f18df42a-de30-3dff-b2c7-b5fd1a66b597.json;recording_c225d3b5-0bd1-4c24-b191-1e45a7157a74.json;release_9e2fcbe4-e7f3-45c2-b24e-eb304f261fa9.json;artist_c225d3b5-0bd1-4c24-b191-1e45a7157a74.json;NF;N/A;
Gerhard Hu_sch;NF;NF;NF;work_59e5592a-b964-3677-aa38-a0ebff7bdf0d.json;recording_5e7b64b0-232a-4550-9118-18d42bf56e16.json;release_9e2fcbe4-e7f3-45c2-b24e-eb304f261fa9.json;artist_5e7b64b0-232a-4550-9118-18d42bf56e16.json;NF;N/A;
Gerhard Hu_sch;NF;NF;NF;work_fd9350a5-d046-3690-bea4-0d3c6d7b7542.json;recording_ed61f173-2c2d-44ea-b028-d8e42534f67f.json;release_9e2fcbe4-e7f3-45c2-b24e-eb304f261fa9.json;artist_ed61f173-2c2d-44ea-b028-d8e42534f67f.json;NF;N/A;
Gerhard Hu_sch;NF;NF;NF;work_d783dab0-9f74-3226-81a0-645de2b56d3e.json;recording_fcda114c-fcf6-40de-8b79-14e953d436c0.json;release_9e2fcbe4-e7f3-45c2-b24e-eb304f261fa9.json;artist_fcda114c-fcf6-40de-8b79-14e953d436c0.json;NF;N/A;
Gerhard Hu_sch;NF;NF;NF;work_92aab282-8da5-312f-86b4-b171857d5bcb.json;recording_6c56ca51-8be2-4691-944a-b9dc9a009cfa.json;release_9e2fcbe4-e7f3-45c2-b24e-eb304f261fa9.json;artist_6c56ca51-8be2-4691-944a-b9dc9a009cfa.json;NF;N/A;
Gerhard Hu_sch;NF;NF;NF;work_cb37b29c-a975-3431-813f-9eea6519652d.json;recording_9ad5e05f-60e2-4305-9fe4-76bc6e62be95.json;release_9e2fcbe4-e7f3-45c2-b24e-eb304f261fa9.json;artist_9ad5e05f-60e2-4305-9fe4-76bc6e62be95.json;NF;N/A;
Gerhard Hu_sch;NF;NF;NF;work_be215d13-0799-3193-b7c2-b88588008c03.json;recording_67988a54-be63-4991-a50c-8a701964847a.json;release_9e2fcbe4-e7f3-45c2-b24e-eb304f261fa9.json;artist_67988a54-be63-4991-a50c-8a701964847a.json;NF;N/A;
Gerhard Hu_sch;NF;NF;NF;work_e6fc4e69-252b-3051-bf6d-e5fa66e14ebb.json;recording_9aa97145-d8ee-4729-8b89-ef9c4dc42049.json;release_9e2fcbe4-e7f3-45c2-b24e-eb304f261fa9.json;artist_9aa97145-d8ee-4729-8b89-ef9c4dc42049.json;NF;N/A;
Gerhard Hu_sch;NF;NF;NF;work_d783dab0-9f74-3226-81a0-645de2b56d3e.json;recording_2383a16e-a775-4c95-876d-11805e6c9701.json;release_9e2fcbe4-e7f3-45c2-b24e-eb304f261fa9.json;artist_2383a16e-a775-4c95-876d-11805e6c9701.json;NF;N/A;
Gerhard Hu_sch;NF;NF;NF;work_184e1531-93a4-34e9-903e-14504261f533.json;recording_2a9bd07d-e5db-4b1f-bd33-faeac6a64a1a.json;release_9e2fcbe4-e7f3-45c2-b24e-eb304f261fa9.json;artist_2a9bd07d-e5db-4b1f-bd33-faeac6a64a1a.json;NF;N/A;
"Gerhard Hu_sch; Hanns-Udo Muller";Das Wirtshaus;NF;NF;work_b8ae8cca-8131-3021-9d70-0b069cec6f43.json;recording_fe6a19b7-1132-41a2-b5ad-0ccfc2d8f8ec.json;release_9e2fcbe4-e7f3-45c2-b24e-eb304f261fa9.json;artist_fe6a19b7-1132-41a2-b5ad-0ccfc2d8f8ec.json;NF;schubert-winterreise_48;
Gerhard Hu_sch;NF;NF;NF;work_654ae86b-f8a5-3d78-9cad-24fda9707d5b.json;recording_305d949a-95fe-4306-865e-3b0e5f258b2f.json;release_9e2fcbe4-e7f3-45c2-b24e-eb304f261fa9.json;artist_305d949a-95fe-4306-865e-3b0e5f258b2f.json;NF;N/A;
Gerhard Hu_sch;NF;NF;NF;work_d783dab0-9f74-3226-81a0-645de2b56d3e.json;recording_70e424bf-02e9-41f2-bc95-ee08b8cdc1ec.json;release_9e2fcbe4-e7f3-45c2-b24e-eb304f261fa9.json;artist_70e424bf-02e9-41f2-bc95-ee08b8cdc1ec.json;NF;N/A;
Gerhard Hu_sch;NF;NF;NF;work_5d48653b-1471-313f-98a7-8a0786525842.json;recording_ed7d481c-667a-43a5-9fdc-ada28adff401.json;release_9e2fcbe4-e7f3-45c2-b24e-eb304f261fa9.json;artist_ed7d481c-667a-43a5-9fdc-ada28adff401.json;NF;N/A;
Gerhard Hu_sch;NF;NF;NF;work_be215d13-0799-3193-b7c2-b88588008c03.json;recording_fc935bb2-fe1b-46ca-8381-8a1b03b06cf8.json;release_9e2fcbe4-e7f3-45c2-b24e-eb304f261fa9.json;artist_fc935bb2-fe1b-46ca-8381-8a1b03b06cf8.json;NF;N/A;
Gerhard Hu_sch;NF;NF;NF;work_6b500210-f158-387f-af48-89d4a1f35955.json;recording_1aa6f12b-2527-437b-acea-a45bf6673171.json;release_9e2fcbe4-e7f3-45c2-b24e-eb304f261fa9.json;artist_1aa6f12b-2527-437b-acea-a45bf6673171.json;NF;N/A;
"Thomas Allen; Roger Vignoles";Gute Nacht;NF;NF;work_485e9c1b-8b7f-32cd-8511-83f0259088e8.json;recording_7b644f22-603a-441e-a26f-67d7c1de58ea.json;release_083c9ee1-77d7-4dea-9985-40f872607f59.json;artist_7b644f22-603a-441e-a26f-67d7c1de58ea.json;NF;schubert-winterreise_66;
"Thomas Allen; Roger Vignoles";Die Wetterfahne;NF;NF;work_2d92753d-b093-31d8-82f8-0cb4c46085a8.json;recording_b38a4779-4f55-40ec-8a41-12040da35f75.json;release_083c9ee1-77d7-4dea-9985-40f872607f59.json;artist_b38a4779-4f55-40ec-8a41-12040da35f75.json;NF;schubert-winterreise_133;
"Thomas Allen; Roger Vignoles";Gefror'ne Tränen;NF;NF;work_cd3fd316-0c77-3aee-a71a-07b89cf1ae87.json;recording_36ff08d3-0375-4429-87d4-de4f5ab5332e.json;release_083c9ee1-77d7-4dea-9985-40f872607f59.json;artist_36ff08d3-0375-4429-87d4-de4f5ab5332e.json;NF;schubert-winterreise_179;
"Thomas Allen; Roger Vignoles";Erstarrung;NF;NF;work_b4569220-e114-3996-858b-9f04abb95cec.json;recording_9bcc9faa-e898-4ae0-9c7b-5a2ae364ba4e.json;release_083c9ee1-77d7-4dea-9985-40f872607f59.json;artist_9bcc9faa-e898-4ae0-9c7b-5a2ae364ba4e.json;NF;schubert-winterreise_149;
"Thomas Allen; Roger Vignoles";Der Lindenbaum;NF;NF;work_bfc17ef3-8807-3c31-8863-efd3a7463405.json;recording_40f683d8-d3ad-4153-9345-2d5a2fadc753.json;release_083c9ee1-77d7-4dea-9985-40f872607f59.json;artist_40f683d8-d3ad-4153-9345-2d5a2fadc753.json;NF;schubert-winterreise_198;
"Thomas Allen; Roger Vignoles";Wasserflut;NF;NF;work_6cd9a8e9-7c14-3161-8c4a-79b713eddb52.json;recording_4ee8e770-0d31-43ae-bdc6-e93458e5eb66.json;release_083c9ee1-77d7-4dea-9985-40f872607f59.json;artist_4ee8e770-0d31-43ae-bdc6-e93458e5eb66.json;NF;schubert-winterreise_47;
"Thomas Allen; Roger Vignoles";Auf dem Flusse;NF;NF;work_07cb5e1b-d3c5-3d3c-afd5-2dab83ee1de9.json;recording_6de1e750-d4ea-4002-9e2f-fd6e869fcda1.json;release_083c9ee1-77d7-4dea-9985-40f872607f59.json;artist_6de1e750-d4ea-4002-9e2f-fd6e869fcda1.json;NF;schubert-winterreise_97;
"Thomas Allen; Roger Vignoles";Rückblick;NF;NF;work_59e9f581-5fab-312f-b6d1-06781254d2e6.json;recording_af6307ba-14cd-4d04-98e4-0d7e1273abde.json;release_083c9ee1-77d7-4dea-9985-40f872607f59.json;artist_af6307ba-14cd-4d04-98e4-0d7e1273abde.json;NF;schubert-winterreise_186;
"Thomas Allen; Roger Vignoles";Irrlicht;NF;NF;work_2113b47d-5848-32d6-bdb1-737906af0f56.json;recording_b1211adc-8bab-4ce0-b212-15271dfce3a2.json;release_083c9ee1-77d7-4dea-9985-40f872607f59.json;artist_b1211adc-8bab-4ce0-b212-15271dfce3a2.json;NF;schubert-winterreise_137;
"Thomas Allen; Roger Vignoles";Rast;NF;NF;work_7a7d1eef-3aec-395b-9b3b-78b527db0e62.json;recording_edcb294a-3f5e-431b-b61b-f91930177142.json;release_083c9ee1-77d7-4dea-9985-40f872607f59.json;artist_edcb294a-3f5e-431b-b61b-f91930177142.json;NF;schubert-winterreise_146;
"Thomas Allen; Roger Vignoles";Frühlingstraum;NF;NF;work_7b7e76cc-4cdf-316f-9088-910a0032a8f1.json;recording_2a87c5d7-83bf-43d8-a195-ea081a84d734.json;release_083c9ee1-77d7-4dea-9985-40f872607f59.json;artist_2a87c5d7-83bf-43d8-a195-ea081a84d734.json;NF;schubert-winterreise_205;
"Thomas Allen; Roger Vignoles";Einsamkeit;NF;NF;work_855a2fe2-5274-388a-9817-b00f65b8616a.json;recording_93a92e8d-063d-4602-9b43-b96e202a2f77.json;release_083c9ee1-77d7-4dea-9985-40f872607f59.json;artist_93a92e8d-063d-4602-9b43-b96e202a2f77.json;NF;schubert-winterreise_45;
"Thomas Allen; Roger Vignoles";Die Post;NF;NF;work_c722969e-2248-3e31-962b-dbc4195dbf4e.json;recording_18e3d991-0301-49ba-9956-ccbf7e39a57d.json;release_083c9ee1-77d7-4dea-9985-40f872607f59.json;artist_18e3d991-0301-49ba-9956-ccbf7e39a57d.json;NF;schubert-winterreise_104;
"Thomas Allen; Roger Vignoles";Der greise Kopf;NF;NF;work_3d260810-bbd1-3b9a-b317-22ccc010efb9.json;recording_66bbc806-a0c1-448a-84aa-d5c952c9a7ae.json;release_083c9ee1-77d7-4dea-9985-40f872607f59.json;artist_66bbc806-a0c1-448a-84aa-d5c952c9a7ae.json;NF;schubert-winterreise_8;
"Thomas Allen; Roger Vignoles";Die Krähe;NF;NF;work_fa639922-f1ee-33e9-a738-ba1a634ef000.json;recording_19ec20f3-153a-4ac2-82e3-77ea8763ff47.json;release_083c9ee1-77d7-4dea-9985-40f872607f59.json;artist_19ec20f3-153a-4ac2-82e3-77ea8763ff47.json;NF;schubert-winterreise_67;
"Thomas Allen; Roger Vignoles";Letzte Hoffnung;NF;NF;work_26b535e0-7b11-3f29-ad78-40699bb889b7.json;recording_9cbcc66c-89e5-47e8-9c84-89eb8fcc4710.json;release_083c9ee1-77d7-4dea-9985-40f872607f59.json;artist_9cbcc66c-89e5-47e8-9c84-89eb8fcc4710.json;NF;schubert-winterreise_125;
"Thomas Allen; Roger Vignoles";Im Dorfe;NF;NF;work_6c86b879-2589-3ce5-b611-c816bbc35241.json;recording_d33b7b81-0894-48e4-9883-d6fe1b739e39.json;release_083c9ee1-77d7-4dea-9985-40f872607f59.json;artist_d33b7b81-0894-48e4-9883-d6fe1b739e39.json;NF;schubert-winterreise_182;
"Thomas Allen; Roger Vignoles";Der stürmische Morgen;NF;NF;work_86dcae05-2e73-316c-a458-06a9f0613239.json;recording_b1a8161c-9ee7-4308-9f3a-ec257895baa5.json;release_083c9ee1-77d7-4dea-9985-40f872607f59.json;artist_b1a8161c-9ee7-4308-9f3a-ec257895baa5.json;NF;schubert-winterreise_56;
"Thomas Allen; Roger Vignoles";Täuschung;NF;NF;work_cdf92068-b39e-3a3b-90d4-47b1d28aaf55.json;recording_a91e00ea-ef9b-4d45-8ee0-66432cf1bbfc.json;release_083c9ee1-77d7-4dea-9985-40f872607f59.json;artist_a91e00ea-ef9b-4d45-8ee0-66432cf1bbfc.json;NF;schubert-winterreise_1;
"Thomas Allen; Roger Vignoles";Der Wegweiser;NF;NF;work_d86fc5f7-ab2b-302e-82dd-e308f6926589.json;recording_a1b75efc-5baf-4c5d-b6e4-00f6e49d5f33.json;release_083c9ee1-77d7-4dea-9985-40f872607f59.json;artist_a1b75efc-5baf-4c5d-b6e4-00f6e49d5f33.json;NF;schubert-winterreise_77;
"Thomas Allen; Roger Vignoles";Das Wirtshaus;NF;NF;work_b8ae8cca-8131-3021-9d70-0b069cec6f43.json;recording_51129c5f-efd4-4dc1-bfd7-36f4b739048e.json;release_083c9ee1-77d7-4dea-9985-40f872607f59.json;artist_51129c5f-efd4-4dc1-bfd7-36f4b739048e.json;NF;schubert-winterreise_18;
"Thomas Allen; Roger Vignoles";Mut;NF;NF;work_6e3127a4-fade-3c3c-8389-4e018cfef4b1.json;recording_6442cfa4-d191-46d9-8d83-4aa620703810.json;release_083c9ee1-77d7-4dea-9985-40f872607f59.json;artist_6442cfa4-d191-46d9-8d83-4aa620703810.json;NF;schubert-winterreise_173;
"Thomas Allen; Roger Vignoles";Die Nebensonnen;NF;NF;work_ac39ca1c-c000-3eaa-b6d7-4463496f3306.json;recording_73c587f2-31e9-46c3-b2eb-4885d6a8703b.json;release_083c9ee1-77d7-4dea-9985-40f872607f59.json;artist_73c587f2-31e9-46c3-b2eb-4885d6a8703b.json;NF;schubert-winterreise_119;
"Thomas Allen; Roger Vignoles";Der Leiermann;NF;NF;work_f5fece54-67ce-302b-a648-14fe3cafc9dd.json;recording_4d2b8e78-053e-4e4b-881c-20caed4898e2.json;release_083c9ee1-77d7-4dea-9985-40f872607f59.json;artist_4d2b8e78-053e-4e4b-881c-20caed4898e2.json;NF;schubert-winterreise_210;
Dietrich Fischer-Dieskau;NF;NF;NF;work_bd1bba90-c41b-3499-971d-d98e9a4717d2.json;recording_920e7b7b-9b21-499e-a1aa-b916dd7b23fd.json;release_06d71795-0a28-4c95-b802-d7525239c946.json;artist_920e7b7b-9b21-499e-a1aa-b916dd7b23fd.json;NF;N/A;
Dietrich Fischer-Dieskau;NF;NF;NF;work_5e734626-1ccc-3399-97ea-76b872f34efd.json;recording_88b6b3f3-42c4-4f17-8321-110601e9a8d7.json;release_06d71795-0a28-4c95-b802-d7525239c946.json;artist_88b6b3f3-42c4-4f17-8321-110601e9a8d7.json;NF;N/A;
Dietrich Fischer-Dieskau;NF;NF;NF;work_2b91cea1-60b6-302c-8b3a-4c43d38d3228.json;recording_7adc72b0-6dbd-4dd7-a0e6-7294c2958d70.json;release_06d71795-0a28-4c95-b802-d7525239c946.json;artist_7adc72b0-6dbd-4dd7-a0e6-7294c2958d70.json;NF;N/A;
Dietrich Fischer-Dieskau;NF;NF;NF;work_e524702a-a5ab-339f-931b-11d7f5d4b9fc.json;recording_4fcbf537-1e42-4f9b-8266-3335d3d23433.json;release_06d71795-0a28-4c95-b802-d7525239c946.json;artist_4fcbf537-1e42-4f9b-8266-3335d3d23433.json;NF;N/A;
Dietrich Fischer-Dieskau;NF;NF;NF;work_8d7009f3-e1ec-3680-bb81-4e5678e72094.json;recording_b2c7f12d-e424-4c7d-b1c6-acf5e1fd9d79.json;release_06d71795-0a28-4c95-b802-d7525239c946.json;artist_b2c7f12d-e424-4c7d-b1c6-acf5e1fd9d79.json;NF;N/A;
Dietrich Fischer-Dieskau;NF;NF;NF;work_d01dc6e9-5e62-316c-8ee4-b6ffe66135c9.json;recording_a600ddfa-abe0-45dd-a1f9-e183a1b355b5.json;release_06d71795-0a28-4c95-b802-d7525239c946.json;artist_a600ddfa-abe0-45dd-a1f9-e183a1b355b5.json;NF;N/A;
Dietrich Fischer-Dieskau;NF;NF;NF;work_8777bf67-d96c-3adc-bb99-23ff38ad7560.json;recording_d08b6721-b4b0-44a8-ae97-651dfee75bf5.json;release_06d71795-0a28-4c95-b802-d7525239c946.json;artist_d08b6721-b4b0-44a8-ae97-651dfee75bf5.json;NF;N/A;
Dietrich Fischer-Dieskau;NF;NF;NF;work_26caae14-032b-3fd1-b32b-89b0d319fc63.json;recording_8aa48b20-5e9a-4d9d-bca1-deebb5184751.json;release_06d71795-0a28-4c95-b802-d7525239c946.json;artist_8aa48b20-5e9a-4d9d-bca1-deebb5184751.json;NF;N/A;
Dietrich Fischer-Dieskau;NF;NF;NF;work_21fb65d7-3341-37ae-9e4d-f9a4157490eb.json;recording_d8aa5b43-0e4c-4cd4-a923-5a2f860cdb51.json;release_06d71795-0a28-4c95-b802-d7525239c946.json;artist_d8aa5b43-0e4c-4cd4-a923-5a2f860cdb51.json;NF;N/A;
Dietrich Fischer-Dieskau;NF;NF;NF;work_541159ea-0c84-332f-a2dd-7ac293754c6e.json;recording_2210e04b-42f9-443a-be4c-ca4f7255bfdb.json;release_06d71795-0a28-4c95-b802-d7525239c946.json;artist_2210e04b-42f9-443a-be4c-ca4f7255bfdb.json;NF;N/A;
Dietrich Fischer-Dieskau;NF;NF;NF;work_84e129e5-a742-37ee-ab52-49f47ce1b131.json;recording_8726f7ec-9899-4260-bbab-9ace5307376c.json;release_06d71795-0a28-4c95-b802-d7525239c946.json;artist_8726f7ec-9899-4260-bbab-9ace5307376c.json;NF;N/A;
Dietrich Fischer-Dieskau;NF;NF;NF;work_426277cc-04f4-3c29-8395-17008584a11b.json;recording_affa05ae-1c8c-4ef6-9c0a-444b78f6eaa0.json;release_06d71795-0a28-4c95-b802-d7525239c946.json;artist_affa05ae-1c8c-4ef6-9c0a-444b78f6eaa0.json;NF;N/A;
Dietrich Fischer-Dieskau;NF;NF;NF;work_039ecc38-4c6c-3088-8a6c-6d5add4273b1.json;recording_e4e48ad5-f9d1-4e8b-86cb-eb87589c9cae.json;release_06d71795-0a28-4c95-b802-d7525239c946.json;artist_e4e48ad5-f9d1-4e8b-86cb-eb87589c9cae.json;NF;N/A;
Dietrich Fischer-Dieskau;NF;NF;NF;work_acbbe452-9664-3f04-a0d2-a746787b33ab.json;recording_ee240bc4-a19a-4b8c-b357-02ce35d9d6bf.json;release_06d71795-0a28-4c95-b802-d7525239c946.json;artist_ee240bc4-a19a-4b8c-b357-02ce35d9d6bf.json;NF;N/A;
Dietrich Fischer-Dieskau;NF;NF;NF;work_b535b439-9c59-3572-9eb2-b26ece1311b9.json;recording_da0c632a-39c0-4c06-badb-2bfb413a093c.json;release_06d71795-0a28-4c95-b802-d7525239c946.json;artist_da0c632a-39c0-4c06-badb-2bfb413a093c.json;NF;N/A;
Dietrich Fischer-Dieskau;NF;NF;NF;work_1188f027-a194-3fb4-b0cf-ee4516c8e0d9.json;recording_fc12f5ab-5ed3-4f27-985b-77c176fc2704.json;release_06d71795-0a28-4c95-b802-d7525239c946.json;artist_fc12f5ab-5ed3-4f27-985b-77c176fc2704.json;NF;N/A;
Dietrich Fischer-Dieskau;NF;NF;NF;work_27c70cf0-cb19-3b00-8b2f-12ab9c03a55f.json;recording_96e70d88-edae-478c-8ba7-f115c8f9b458.json;release_06d71795-0a28-4c95-b802-d7525239c946.json;artist_96e70d88-edae-478c-8ba7-f115c8f9b458.json;NF;N/A;
Dietrich Fischer-Dieskau;NF;NF;NF;work_3a4fa92d-419f-3256-9703-c79159d7c7e0.json;recording_392fb45b-6973-4445-bf90-335c7f188f49.json;release_06d71795-0a28-4c95-b802-d7525239c946.json;artist_392fb45b-6973-4445-bf90-335c7f188f49.json;NF;N/A;
Dietrich Fischer-Dieskau;NF;NF;NF;work_5b20fb20-09d8-3c55-8790-24fed8cb1399.json;recording_9f6530b9-5b8c-4250-a78a-e7c8d1ca3b01.json;release_06d71795-0a28-4c95-b802-d7525239c946.json;artist_9f6530b9-5b8c-4250-a78a-e7c8d1ca3b01.json;NF;N/A;
Dietrich Fischer-Dieskau;NF;NF;NF;work_59909dea-6a7e-36fb-9954-d81dbb19cb3f.json;recording_62994674-bac2-4b5e-9721-b978b0fcc9e6.json;release_06d71795-0a28-4c95-b802-d7525239c946.json;artist_62994674-bac2-4b5e-9721-b978b0fcc9e6.json;NF;N/A;
"Dietrich Fischer-Dieskau; Gerald Moore";Gute Nacht;NF;NF;work_485e9c1b-8b7f-32cd-8511-83f0259088e8.json;recording_fd65c6bd-6cb3-44a6-9455-ec825ec6682c.json;release_06d71795-0a28-4c95-b802-d7525239c946.json;artist_fd65c6bd-6cb3-44a6-9455-ec825ec6682c.json;NF;schubert-winterreise_193;
"Dietrich Fischer-Dieskau; Gerald Moore";Die Wetterfahne;NF;NF;work_2d92753d-b093-31d8-82f8-0cb4c46085a8.json;recording_ab98c269-d94a-40ac-9c1f-287890e800af.json;release_06d71795-0a28-4c95-b802-d7525239c946.json;artist_ab98c269-d94a-40ac-9c1f-287890e800af.json;NF;schubert-winterreise_27;
"Dietrich Fischer-Dieskau; Gerald Moore";Gefror'ne Tränen;NF;NF;work_cd3fd316-0c77-3aee-a71a-07b89cf1ae87.json;recording_4e46778d-a27c-4cc9-b219-85367e5084c9.json;release_06d71795-0a28-4c95-b802-d7525239c946.json;artist_4e46778d-a27c-4cc9-b219-85367e5084c9.json;NF;schubert-winterreise_80;
"Dietrich Fischer-Dieskau; Gerald Moore";Erstarrung;NF;NF;work_b4569220-e114-3996-858b-9f04abb95cec.json;recording_514f96f8-eabe-4f41-81b5-c04e20499f1c.json;release_06d71795-0a28-4c95-b802-d7525239c946.json;artist_514f96f8-eabe-4f41-81b5-c04e20499f1c.json;NF;schubert-winterreise_7;
"Dietrich Fischer-Dieskau; Gerald Moore";Der Lindenbaum;NF;NF;work_bfc17ef3-8807-3c31-8863-efd3a7463405.json;recording_472512dd-4d67-4647-93f3-7f899e038383.json;release_06d71795-0a28-4c95-b802-d7525239c946.json;artist_472512dd-4d67-4647-93f3-7f899e038383.json;NF;schubert-winterreise_59;
"Dietrich Fischer-Dieskau; Gerald Moore";Wasserflut;NF;NF;work_6cd9a8e9-7c14-3161-8c4a-79b713eddb52.json;recording_9959bb02-ec1a-4273-8fb1-259007f88e3b.json;release_06d71795-0a28-4c95-b802-d7525239c946.json;artist_9959bb02-ec1a-4273-8fb1-259007f88e3b.json;NF;schubert-winterreise_109;
"Dietrich Fischer-Dieskau; Gerald Moore";Auf dem Flusse;NF;NF;work_07cb5e1b-d3c5-3d3c-afd5-2dab83ee1de9.json;recording_72a4a41d-6ee8-4fcd-a0e5-6d2460e1c7c1.json;release_06d71795-0a28-4c95-b802-d7525239c946.json;artist_72a4a41d-6ee8-4fcd-a0e5-6d2460e1c7c1.json;NF;schubert-winterreise_160;
"Dietrich Fischer-Dieskau; Gerald Moore";Rückblick;NF;NF;work_59e9f581-5fab-312f-b6d1-06781254d2e6.json;recording_d3338301-3572-406e-a8e5-257d2524410b.json;release_06d71795-0a28-4c95-b802-d7525239c946.json;artist_d3338301-3572-406e-a8e5-257d2524410b.json;NF;schubert-winterreise_74;
"Dietrich Fischer-Dieskau; Gerald Moore";Irrlicht;NF;NF;work_2113b47d-5848-32d6-bdb1-737906af0f56.json;recording_a16ac3d3-d2e4-41d8-a739-d97affc3db36.json;release_06d71795-0a28-4c95-b802-d7525239c946.json;artist_a16ac3d3-d2e4-41d8-a739-d97affc3db36.json;NF;schubert-winterreise_22;
"Dietrich Fischer-Dieskau; Gerald Moore";Rast;NF;NF;work_7a7d1eef-3aec-395b-9b3b-78b527db0e62.json;recording_8f93e65a-8b0c-4a8d-b361-5802b668a744.json;release_06d71795-0a28-4c95-b802-d7525239c946.json;artist_8f93e65a-8b0c-4a8d-b361-5802b668a744.json;NF;schubert-winterreise_6;
"Dietrich Fischer-Dieskau; Gerald Moore";Frühlingstraum;NF;NF;work_7b7e76cc-4cdf-316f-9088-910a0032a8f1.json;recording_4337835d-4932-4ab6-8068-ebf967806f23.json;release_06d71795-0a28-4c95-b802-d7525239c946.json;artist_4337835d-4932-4ab6-8068-ebf967806f23.json;NF;schubert-winterreise_61;
"Dietrich Fischer-Dieskau; Gerald Moore";Einsamkeit;NF;NF;work_855a2fe2-5274-388a-9817-b00f65b8616a.json;recording_3faa0a35-72a0-42e9-b146-717c22ffdc37.json;release_06d71795-0a28-4c95-b802-d7525239c946.json;artist_3faa0a35-72a0-42e9-b146-717c22ffdc37.json;NF;schubert-winterreise_106;
"Dietrich Fischer-Dieskau; Gerald Moore";Die Post;NF;NF;work_c722969e-2248-3e31-962b-dbc4195dbf4e.json;recording_40caed34-9095-44de-8398-91565fc3c6c5.json;release_06d71795-0a28-4c95-b802-d7525239c946.json;artist_40caed34-9095-44de-8398-91565fc3c6c5.json;NF;schubert-winterreise_161;
"Dietrich Fischer-Dieskau; Gerald Moore";Der greise Kopf;NF;NF;work_3d260810-bbd1-3b9a-b317-22ccc010efb9.json;recording_f8262c8f-efb0-417d-9a7a-e236081a1f36.json;release_06d71795-0a28-4c95-b802-d7525239c946.json;artist_f8262c8f-efb0-417d-9a7a-e236081a1f36.json;NF;schubert-winterreise_140;
"Dietrich Fischer-Dieskau; Gerald Moore";Die Krähe;NF;NF;work_fa639922-f1ee-33e9-a738-ba1a634ef000.json;recording_10cefbc6-e72c-4790-aa39-a66f073b4601.json;release_06d71795-0a28-4c95-b802-d7525239c946.json;artist_10cefbc6-e72c-4790-aa39-a66f073b4601.json;NF;schubert-winterreise_194;
"Dietrich Fischer-Dieskau; Gerald Moore";Letzte Hoffnung;NF;NF;work_26b535e0-7b11-3f29-ad78-40699bb889b7.json;recording_f8bc22f1-0c69-4175-a5f6-bfd0a0d47a5b.json;release_06d71795-0a28-4c95-b802-d7525239c946.json;artist_f8bc22f1-0c69-4175-a5f6-bfd0a0d47a5b.json;NF;schubert-winterreise_24;
"Dietrich Fischer-Dieskau; Gerald Moore";Im Dorfe;NF;NF;work_6c86b879-2589-3ce5-b611-c816bbc35241.json;recording_47152533-f3de-42b1-bc15-e97e6b4fa63e.json;release_06d71795-0a28-4c95-b802-d7525239c946.json;artist_47152533-f3de-42b1-bc15-e97e6b4fa63e.json;NF;schubert-winterreise_83;
"Dietrich Fischer-Dieskau; Gerald Moore";Der stürmische Morgen;NF;NF;work_86dcae05-2e73-316c-a458-06a9f0613239.json;recording_5635c1fa-de6f-402a-95d9-876419e6b8df.json;release_06d71795-0a28-4c95-b802-d7525239c946.json;artist_5635c1fa-de6f-402a-95d9-876419e6b8df.json;NF;schubert-winterreise_212;
"Dietrich Fischer-Dieskau; Gerald Moore";Täuschung;NF;NF;work_cdf92068-b39e-3a3b-90d4-47b1d28aaf55.json;recording_b939cc0d-9e81-4e1f-9c12-6f7aa3093906.json;release_06d71795-0a28-4c95-b802-d7525239c946.json;artist_b939cc0d-9e81-4e1f-9c12-6f7aa3093906.json;NF;schubert-winterreise_154;
"Dietrich Fischer-Dieskau; Gerald Moore";Der Wegweiser;NF;NF;work_d86fc5f7-ab2b-302e-82dd-e308f6926589.json;recording_2b27b299-e185-454b-b4d9-5efb9391b8a3.json;release_06d71795-0a28-4c95-b802-d7525239c946.json;artist_2b27b299-e185-454b-b4d9-5efb9391b8a3.json;NF;schubert-winterreise_192;
"Dietrich Fischer-Dieskau; Gerald Moore";Das Wirtshaus;NF;NF;work_b8ae8cca-8131-3021-9d70-0b069cec6f43.json;recording_268d1ecb-3fd1-4754-a27e-8a39e2392589.json;release_06d71795-0a28-4c95-b802-d7525239c946.json;artist_268d1ecb-3fd1-4754-a27e-8a39e2392589.json;NF;schubert-winterreise_136;
"Dietrich Fischer-Dieskau; Gerald Moore";Mut;NF;NF;work_6e3127a4-fade-3c3c-8389-4e018cfef4b1.json;recording_8330ce0f-0f26-4a57-a7b2-54d09cae7bd1.json;release_06d71795-0a28-4c95-b802-d7525239c946.json;artist_8330ce0f-0f26-4a57-a7b2-54d09cae7bd1.json;NF;schubert-winterreise_89;
"Dietrich Fischer-Dieskau; Gerald Moore";Die Nebensonnen;NF;NF;work_ac39ca1c-c000-3eaa-b6d7-4463496f3306.json;recording_00cc08fc-43f1-4b32-83eb-78b007bd6f9f.json;release_06d71795-0a28-4c95-b802-d7525239c946.json;artist_00cc08fc-43f1-4b32-83eb-78b007bd6f9f.json;NF;schubert-winterreise_31;
"Dietrich Fischer-Dieskau; Gerald Moore";Der Leiermann;NF;NF;work_f5fece54-67ce-302b-a648-14fe3cafc9dd.json;recording_6eb10c30-e0dd-43ae-81fc-14d8dfa137f8.json;release_06d71795-0a28-4c95-b802-d7525239c946.json;artist_6eb10c30-e0dd-43ae-81fc-14d8dfa137f8.json;NF;schubert-winterreise_54;
Dietrich Fischer-Dieskau;NF;NF;NF;work_62009869-6d42-3fd9-881b-e9d3b2a9a972.json;recording_d6456b31-82b5-4ea0-b05b-67943133066c.json;release_06d71795-0a28-4c95-b802-d7525239c946.json;artist_d6456b31-82b5-4ea0-b05b-67943133066c.json;NF;N/A;
Dietrich Fischer-Dieskau;NF;NF;NF;work_654ae86b-f8a5-3d78-9cad-24fda9707d5b.json;recording_ded845b7-adef-4056-8426-48f4ceb69807.json;release_06d71795-0a28-4c95-b802-d7525239c946.json;artist_ded845b7-adef-4056-8426-48f4ceb69807.json;NF;N/A;
Dietrich Fischer-Dieskau;NF;NF;NF;work_aef33049-e9c4-32cb-a6f6-abb001c95a59.json;recording_573f64d2-94af-4d08-bb88-f0b979fee4bc.json;release_06d71795-0a28-4c95-b802-d7525239c946.json;artist_573f64d2-94af-4d08-bb88-f0b979fee4bc.json;NF;N/A;
Dietrich Fischer-Dieskau;NF;NF;NF;work_20d072f6-4754-3b53-9b66-549f06fc305d.json;recording_d6e129f1-df0f-4d89-8e0d-a145dd9606b8.json;release_06d71795-0a28-4c95-b802-d7525239c946.json;artist_d6e129f1-df0f-4d89-8e0d-a145dd9606b8.json;NF;N/A;
Dietrich Fischer-Dieskau;NF;NF;NF;work_01ae5439-4214-3055-9b11-9533bc56d3ee.json;recording_bcb17e4d-0486-4a3e-a1af-e501a69384ca.json;release_06d71795-0a28-4c95-b802-d7525239c946.json;artist_bcb17e4d-0486-4a3e-a1af-e501a69384ca.json;NF;N/A;
Dietrich Fischer-Dieskau;NF;NF;NF;work_b550f70f-f25a-370d-8f89-c261cd586a88.json;recording_b1bcc75d-f015-4571-b164-e2e30b7aeb80.json;release_06d71795-0a28-4c95-b802-d7525239c946.json;artist_b1bcc75d-f015-4571-b164-e2e30b7aeb80.json;NF;N/A;
Dietrich Fischer-Dieskau;NF;NF;NF;work_97dcce15-d0c1-3aad-9269-9366e5be85cd.json;recording_6ddaa83c-6a83-4566-aeb7-ece64c0acd13.json;release_06d71795-0a28-4c95-b802-d7525239c946.json;artist_6ddaa83c-6a83-4566-aeb7-ece64c0acd13.json;NF;N/A;
Dietrich Fischer-Dieskau;NF;NF;NF;work_fd9350a5-d046-3690-bea4-0d3c6d7b7542.json;recording_e058e26c-ffdd-44ec-a206-c121dab9a400.json;release_06d71795-0a28-4c95-b802-d7525239c946.json;artist_e058e26c-ffdd-44ec-a206-c121dab9a400.json;NF;N/A;
Dietrich Fischer-Dieskau;NF;NF;NF;work_bf0dea82-cf39-371d-8edf-56d71be98440.json;recording_663d3979-e897-4308-95b4-7672a6ef9c78.json;release_06d71795-0a28-4c95-b802-d7525239c946.json;artist_663d3979-e897-4308-95b4-7672a6ef9c78.json;NF;N/A;
Dietrich Fischer-Dieskau;NF;NF;NF;work_41929417-35e9-3dff-8e86-570083c785ae.json;recording_f11d83e5-531c-4af2-87ab-39fe0e7d1e95.json;release_06d71795-0a28-4c95-b802-d7525239c946.json;artist_f11d83e5-531c-4af2-87ab-39fe0e7d1e95.json;NF;N/A;
Dietrich Fischer-Dieskau;NF;NF;NF;work_c0852b1e-259d-3c4f-8e5a-8932e6cf644c.json;recording_9ee1ccb7-372d-4a5c-b46b-402ef3733bfd.json;release_06d71795-0a28-4c95-b802-d7525239c946.json;artist_9ee1ccb7-372d-4a5c-b46b-402ef3733bfd.json;NF;N/A;
Dietrich Fischer-Dieskau;NF;NF;NF;work_2e3286a7-00ba-33f1-8d96-ab303efadc43.json;recording_396614c1-4f79-444e-903e-c652cfd84757.json;release_06d71795-0a28-4c95-b802-d7525239c946.json;artist_396614c1-4f79-444e-903e-c652cfd84757.json;NF;N/A;
Dietrich Fischer-Dieskau;NF;NF;NF;work_92aab282-8da5-312f-86b4-b171857d5bcb.json;recording_cf09177d-07c0-4fd7-8821-42bfac82d2f8.json;release_06d71795-0a28-4c95-b802-d7525239c946.json;artist_cf09177d-07c0-4fd7-8821-42bfac82d2f8.json;NF;N/A;
Dietrich Fischer-Dieskau;NF;NF;NF;work_eb29d4b5-646d-3bf5-a405-f178a304278f.json;recording_9ef15b06-3d79-4cae-87db-c8c7e15ff371.json;release_06d71795-0a28-4c95-b802-d7525239c946.json;artist_9ef15b06-3d79-4cae-87db-c8c7e15ff371.json;NF;N/A;
Dietrich Fischer-Dieskau;NF;NF;NF;work_d783dab0-9f74-3226-81a0-645de2b56d3e.json;recording_95fdb2e2-fa7a-4884-a66a-4a4af630f0ae.json;release_06d71795-0a28-4c95-b802-d7525239c946.json;artist_95fdb2e2-fa7a-4884-a66a-4a4af630f0ae.json;NF;N/A;
Dietrich Fischer-Dieskau;NF;NF;NF;work_20cbe08a-94cb-4181-92ab-86c41634e079.json;recording_26cf1a50-47db-40f9-ba7e-66759867b196.json;release_06d71795-0a28-4c95-b802-d7525239c946.json;artist_26cf1a50-47db-40f9-ba7e-66759867b196.json;NF;N/A;
Dietrich Fischer-Dieskau;NF;NF;NF;work_46fb5645-4e13-34a2-ac74-595a69fd3bee.json;recording_6b51cf93-a378-49dd-a421-a050852eec94.json;release_06d71795-0a28-4c95-b802-d7525239c946.json;artist_6b51cf93-a378-49dd-a421-a050852eec94.json;NF;N/A;
"Dietrich Fischer-Dieskau; Jorg Demus";Gute Nacht;NF;NF;work_485e9c1b-8b7f-32cd-8511-83f0259088e8.json;recording_c6e74e3d-457e-4346-82bf-16013af671f0.json;release_ae652682-2fa2-48c8-89f8-f3ff8a8cdccf.json;artist_c6e74e3d-457e-4346-82bf-16013af671f0.json;NF;schubert-winterreise_63;
"Dietrich Fischer-Dieskau; Jorg Demus";Die Wetterfahne;NF;NF;work_2d92753d-b093-31d8-82f8-0cb4c46085a8.json;recording_763b5e46-09ea-4217-bcc3-db497d8702e7.json;release_ae652682-2fa2-48c8-89f8-f3ff8a8cdccf.json;artist_763b5e46-09ea-4217-bcc3-db497d8702e7.json;NF;schubert-winterreise_131;
"Dietrich Fischer-Dieskau; Jorg Demus";Gefror'ne Tränen;NF;NF;work_cd3fd316-0c77-3aee-a71a-07b89cf1ae87.json;recording_03873b93-ffd6-4317-956a-543f962242ed.json;release_ae652682-2fa2-48c8-89f8-f3ff8a8cdccf.json;artist_03873b93-ffd6-4317-956a-543f962242ed.json;NF;schubert-winterreise_178;
"Dietrich Fischer-Dieskau; Jorg Demus";Erstarrung;NF;NF;work_b4569220-e114-3996-858b-9f04abb95cec.json;recording_0e649304-c249-451b-bc94-7b9ef49357f3.json;release_ae652682-2fa2-48c8-89f8-f3ff8a8cdccf.json;artist_0e649304-c249-451b-bc94-7b9ef49357f3.json;NF;schubert-winterreise_152;
"Dietrich Fischer-Dieskau; Jorg Demus";Der Lindenbaum;NF;NF;work_bfc17ef3-8807-3c31-8863-efd3a7463405.json;recording_167a39d5-a30a-42f7-be85-721d68ddf24d.json;release_ae652682-2fa2-48c8-89f8-f3ff8a8cdccf.json;artist_167a39d5-a30a-42f7-be85-721d68ddf24d.json;NF;schubert-winterreise_200;
"Dietrich Fischer-Dieskau; Jorg Demus";Wasserflut;NF;NF;work_6cd9a8e9-7c14-3161-8c4a-79b713eddb52.json;recording_4b4108df-6ba4-4480-969d-1aeaa52ab787.json;release_ae652682-2fa2-48c8-89f8-f3ff8a8cdccf.json;artist_4b4108df-6ba4-4480-969d-1aeaa52ab787.json;NF;schubert-winterreise_50;
"Dietrich Fischer-Dieskau; Jorg Demus";Auf dem Flusse;NF;NF;work_07cb5e1b-d3c5-3d3c-afd5-2dab83ee1de9.json;recording_ccce1d8b-5c23-41b6-b98a-eed4341b4bf8.json;release_ae652682-2fa2-48c8-89f8-f3ff8a8cdccf.json;artist_ccce1d8b-5c23-41b6-b98a-eed4341b4bf8.json;NF;schubert-winterreise_99;
"Dietrich Fischer-Dieskau; Jorg Demus";Rückblick;NF;NF;work_59e9f581-5fab-312f-b6d1-06781254d2e6.json;recording_88b37ee8-27f0-4539-a9cb-769046e3f960.json;release_ae652682-2fa2-48c8-89f8-f3ff8a8cdccf.json;artist_88b37ee8-27f0-4539-a9cb-769046e3f960.json;NF;schubert-winterreise_188;
"Dietrich Fischer-Dieskau; Jorg Demus";Irrlicht;NF;NF;work_2113b47d-5848-32d6-bdb1-737906af0f56.json;recording_3b5cd98d-06ce-4b2c-b01c-3860f85a7f95.json;release_ae652682-2fa2-48c8-89f8-f3ff8a8cdccf.json;artist_3b5cd98d-06ce-4b2c-b01c-3860f85a7f95.json;NF;schubert-winterreise_138;
"Dietrich Fischer-Dieskau; Jorg Demus";Rast;NF;NF;work_7a7d1eef-3aec-395b-9b3b-78b527db0e62.json;recording_fffdaada-31bc-41f9-a318-10c0a2d0800a.json;release_ae652682-2fa2-48c8-89f8-f3ff8a8cdccf.json;artist_fffdaada-31bc-41f9-a318-10c0a2d0800a.json;NF;schubert-winterreise_143;
"Dietrich Fischer-Dieskau; Jorg Demus";Frühlingstraum;NF;NF;work_7b7e76cc-4cdf-316f-9088-910a0032a8f1.json;recording_dd120163-b441-4f0a-a834-e2fc8312e026.json;release_ae652682-2fa2-48c8-89f8-f3ff8a8cdccf.json;artist_dd120163-b441-4f0a-a834-e2fc8312e026.json;NF;schubert-winterreise_203;
"Dietrich Fischer-Dieskau; Jorg Demus";Einsamkeit;NF;NF;work_855a2fe2-5274-388a-9817-b00f65b8616a.json;recording_8cef57ab-faad-4ead-b497-9e5637b78e43.json;release_ae652682-2fa2-48c8-89f8-f3ff8a8cdccf.json;artist_8cef57ab-faad-4ead-b497-9e5637b78e43.json;NF;schubert-winterreise_43;
"Dietrich Fischer-Dieskau; Jorg Demus";Die Post;NF;NF;work_c722969e-2248-3e31-962b-dbc4195dbf4e.json;recording_eff8cd6c-b511-45a1-b1fe-54cae5d45d03.json;release_ae652682-2fa2-48c8-89f8-f3ff8a8cdccf.json;artist_eff8cd6c-b511-45a1-b1fe-54cae5d45d03.json;NF;schubert-winterreise_103;
"Dietrich Fischer-Dieskau; Jorg Demus";Der greise Kopf;NF;NF;work_3d260810-bbd1-3b9a-b317-22ccc010efb9.json;recording_2fe6d9df-d726-4b1a-8b21-e5506abd0429.json;release_ae652682-2fa2-48c8-89f8-f3ff8a8cdccf.json;artist_2fe6d9df-d726-4b1a-8b21-e5506abd0429.json;NF;schubert-winterreise_12;
"Dietrich Fischer-Dieskau; Jorg Demus";Die Krähe;NF;NF;work_fa639922-f1ee-33e9-a738-ba1a634ef000.json;recording_fa80b611-857f-4636-839b-1f595476eed7.json;release_ae652682-2fa2-48c8-89f8-f3ff8a8cdccf.json;artist_fa80b611-857f-4636-839b-1f595476eed7.json;NF;schubert-winterreise_70;
"Dietrich Fischer-Dieskau; Jorg Demus";Letzte Hoffnung;NF;NF;work_26b535e0-7b11-3f29-ad78-40699bb889b7.json;recording_95c1b5ca-e751-40bf-82a5-3107a1bc7506.json;release_ae652682-2fa2-48c8-89f8-f3ff8a8cdccf.json;artist_95c1b5ca-e751-40bf-82a5-3107a1bc7506.json;NF;schubert-winterreise_127;
"Dietrich Fischer-Dieskau; Jorg Demus";Im Dorfe;NF;NF;work_6c86b879-2589-3ce5-b611-c816bbc35241.json;recording_b4ca885e-272d-4326-a24b-40f0505e2e78.json;release_ae652682-2fa2-48c8-89f8-f3ff8a8cdccf.json;artist_b4ca885e-272d-4326-a24b-40f0505e2e78.json;NF;schubert-winterreise_183;
"Dietrich Fischer-Dieskau; Jorg Demus";Der stürmische Morgen;NF;NF;work_86dcae05-2e73-316c-a458-06a9f0613239.json;recording_af3991ed-b693-4a4a-95b3-c9a969757c21.json;release_ae652682-2fa2-48c8-89f8-f3ff8a8cdccf.json;artist_af3991ed-b693-4a4a-95b3-c9a969757c21.json;NF;schubert-winterreise_57;
"Dietrich Fischer-Dieskau; Jorg Demus";Täuschung;NF;NF;work_cdf92068-b39e-3a3b-90d4-47b1d28aaf55.json;recording_272378ff-0a54-441e-b32d-3e02e388bb83.json;release_ae652682-2fa2-48c8-89f8-f3ff8a8cdccf.json;artist_272378ff-0a54-441e-b32d-3e02e388bb83.json;NF;schubert-winterreise_2;
"Dietrich Fischer-Dieskau; Jorg Demus";Der Wegweiser;NF;NF;work_d86fc5f7-ab2b-302e-82dd-e308f6926589.json;recording_a7a16005-e165-4f95-b1d6-95a9d91791c9.json;release_ae652682-2fa2-48c8-89f8-f3ff8a8cdccf.json;artist_a7a16005-e165-4f95-b1d6-95a9d91791c9.json;NF;schubert-winterreise_75;
"Dietrich Fischer-Dieskau; Jorg Demus";Das Wirtshaus;NF;NF;work_b8ae8cca-8131-3021-9d70-0b069cec6f43.json;recording_93a7c7ed-c8c6-4c93-8fd3-acb308466c12.json;release_ae652682-2fa2-48c8-89f8-f3ff8a8cdccf.json;artist_93a7c7ed-c8c6-4c93-8fd3-acb308466c12.json;NF;schubert-winterreise_16;
"Dietrich Fischer-Dieskau; Jorg Demus";Mut;NF;NF;work_6e3127a4-fade-3c3c-8389-4e018cfef4b1.json;recording_30e5f14a-0efa-4ea9-9c56-4c864c55578d.json;release_ae652682-2fa2-48c8-89f8-f3ff8a8cdccf.json;artist_30e5f14a-0efa-4ea9-9c56-4c864c55578d.json;NF;schubert-winterreise_171;
"Dietrich Fischer-Dieskau; Jorg Demus";Die Nebensonnen;NF;NF;work_ac39ca1c-c000-3eaa-b6d7-4463496f3306.json;recording_090fdf0a-3c70-460f-9231-f670e54926a6.json;release_ae652682-2fa2-48c8-89f8-f3ff8a8cdccf.json;artist_090fdf0a-3c70-460f-9231-f670e54926a6.json;NF;schubert-winterreise_117;
"Dietrich Fischer-Dieskau; Jorg Demus";Der Leiermann;NF;NF;work_f5fece54-67ce-302b-a648-14fe3cafc9dd.json;recording_20484851-6711-496a-9508-3ad63658deef.json;release_ae652682-2fa2-48c8-89f8-f3ff8a8cdccf.json;artist_20484851-6711-496a-9508-3ad63658deef.json;NF;schubert-winterreise_215;
"Dietrich Fischer-Dieskau; Daniel Barenboim";Gute Nacht;NF;NF;work_485e9c1b-8b7f-32cd-8511-83f0259088e8.json;recording_18f8f31d-8964-4a96-87f8-a1bb64d052a1.json;release_56a0e3e8-9c80-43ec-bd4e-4bcf599f9b2c.json;artist_18f8f31d-8964-4a96-87f8-a1bb64d052a1.json;NF;schubert-winterreise_187;
"Dietrich Fischer-Dieskau; Daniel Barenboim";Die Wetterfahne;NF;NF;work_2d92753d-b093-31d8-82f8-0cb4c46085a8.json;recording_e23fdf13-66fc-4fb2-9077-642e04f40700.json;release_56a0e3e8-9c80-43ec-bd4e-4bcf599f9b2c.json;artist_e23fdf13-66fc-4fb2-9077-642e04f40700.json;NF;schubert-winterreise_33;
"Dietrich Fischer-Dieskau; Daniel Barenboim";Gefror'ne Tränen;NF;NF;work_cd3fd316-0c77-3aee-a71a-07b89cf1ae87.json;recording_a437119a-5c76-4d8a-90a7-4a3abc49b09e.json;release_56a0e3e8-9c80-43ec-bd4e-4bcf599f9b2c.json;artist_a437119a-5c76-4d8a-90a7-4a3abc49b09e.json;NF;schubert-winterreise_85;
"Dietrich Fischer-Dieskau; Daniel Barenboim";Erstarrung;NF;NF;work_b4569220-e114-3996-858b-9f04abb95cec.json;recording_5689f238-4709-42e2-a138-20c6ff6f42a3.json;release_56a0e3e8-9c80-43ec-bd4e-4bcf599f9b2c.json;artist_5689f238-4709-42e2-a138-20c6ff6f42a3.json;NF;schubert-winterreise_5;
"Dietrich Fischer-Dieskau; Daniel Barenboim";Der Lindenbaum;NF;NF;work_bfc17ef3-8807-3c31-8863-efd3a7463405.json;recording_027e18b7-9aad-4106-9792-345516ae137d.json;release_56a0e3e8-9c80-43ec-bd4e-4bcf599f9b2c.json;artist_027e18b7-9aad-4106-9792-345516ae137d.json;NF;schubert-winterreise_53;
"Dietrich Fischer-Dieskau; Daniel Barenboim";Wasserflut;NF;NF;work_6cd9a8e9-7c14-3161-8c4a-79b713eddb52.json;recording_6894774c-668f-45e3-8c67-2b3441d58972.json;release_56a0e3e8-9c80-43ec-bd4e-4bcf599f9b2c.json;artist_6894774c-668f-45e3-8c67-2b3441d58972.json;NF;schubert-winterreise_115;
"Dietrich Fischer-Dieskau; Daniel Barenboim";Auf dem Flusse;NF;NF;work_07cb5e1b-d3c5-3d3c-afd5-2dab83ee1de9.json;recording_a9b3c9d7-da10-44b3-aabf-61db3c7e33af.json;release_56a0e3e8-9c80-43ec-bd4e-4bcf599f9b2c.json;artist_a9b3c9d7-da10-44b3-aabf-61db3c7e33af.json;NF;schubert-winterreise_166;
"Dietrich Fischer-Dieskau; Daniel Barenboim";Rückblick;NF;NF;work_59e9f581-5fab-312f-b6d1-06781254d2e6.json;recording_67ba502d-aed1-42c8-850a-06fb7c5e205b.json;release_56a0e3e8-9c80-43ec-bd4e-4bcf599f9b2c.json;artist_67ba502d-aed1-42c8-850a-06fb7c5e205b.json;NF;schubert-winterreise_65;
"Dietrich Fischer-Dieskau; Daniel Barenboim";Irrlicht;NF;NF;work_2113b47d-5848-32d6-bdb1-737906af0f56.json;recording_5fa3c7c6-982c-4bf6-a7fc-fef0b392bc61.json;release_56a0e3e8-9c80-43ec-bd4e-4bcf599f9b2c.json;artist_5fa3c7c6-982c-4bf6-a7fc-fef0b392bc61.json;NF;schubert-winterreise_15;
"Dietrich Fischer-Dieskau; Daniel Barenboim";Rast;NF;NF;work_7a7d1eef-3aec-395b-9b3b-78b527db0e62.json;recording_42c416c0-bb59-4d3b-8d5a-500d11d22ebd.json;release_56a0e3e8-9c80-43ec-bd4e-4bcf599f9b2c.json;artist_42c416c0-bb59-4d3b-8d5a-500d11d22ebd.json;NF;schubert-winterreise_0;
"Dietrich Fischer-Dieskau; Daniel Barenboim";Frühlingstraum;NF;NF;work_7b7e76cc-4cdf-316f-9088-910a0032a8f1.json;recording_3f7a51ec-61d1-41bb-a18b-2776969da0f4.json;release_56a0e3e8-9c80-43ec-bd4e-4bcf599f9b2c.json;artist_3f7a51ec-61d1-41bb-a18b-2776969da0f4.json;NF;schubert-winterreise_55;
"Dietrich Fischer-Dieskau; Daniel Barenboim";Einsamkeit;NF;NF;work_855a2fe2-5274-388a-9817-b00f65b8616a.json;recording_2739b1a7-a7ec-40fc-bba6-d7edea7cc4ea.json;release_56a0e3e8-9c80-43ec-bd4e-4bcf599f9b2c.json;artist_2739b1a7-a7ec-40fc-bba6-d7edea7cc4ea.json;NF;schubert-winterreise_110;
"Dietrich Fischer-Dieskau; Daniel Barenboim";Die Post;NF;NF;work_c722969e-2248-3e31-962b-dbc4195dbf4e.json;recording_0a412ea2-3165-415e-8678-c7d69e687488.json;release_56a0e3e8-9c80-43ec-bd4e-4bcf599f9b2c.json;artist_0a412ea2-3165-415e-8678-c7d69e687488.json;NF;schubert-winterreise_167;
"Dietrich Fischer-Dieskau; Daniel Barenboim";Der greise Kopf;NF;NF;work_3d260810-bbd1-3b9a-b317-22ccc010efb9.json;recording_dcb08149-f27a-4049-8c7e-298534450297.json;release_56a0e3e8-9c80-43ec-bd4e-4bcf599f9b2c.json;artist_dcb08149-f27a-4049-8c7e-298534450297.json;NF;schubert-winterreise_135;
"Dietrich Fischer-Dieskau; Daniel Barenboim";Die Krähe;NF;NF;work_fa639922-f1ee-33e9-a738-ba1a634ef000.json;recording_897bd04e-0425-4b13-8338-7dfbf007ca67.json;release_56a0e3e8-9c80-43ec-bd4e-4bcf599f9b2c.json;artist_897bd04e-0425-4b13-8338-7dfbf007ca67.json;NF;schubert-winterreise_191;
"Dietrich Fischer-Dieskau; Daniel Barenboim";Letzte Hoffnung;NF;NF;work_26b535e0-7b11-3f29-ad78-40699bb889b7.json;recording_d8f6f5ed-86e2-47df-93eb-d403395d2194.json;release_56a0e3e8-9c80-43ec-bd4e-4bcf599f9b2c.json;artist_d8f6f5ed-86e2-47df-93eb-d403395d2194.json;NF;schubert-winterreise_32;
"Dietrich Fischer-Dieskau; Daniel Barenboim";Im Dorfe;NF;NF;work_6c86b879-2589-3ce5-b611-c816bbc35241.json;recording_aeb56834-7b19-4c75-9671-aafcf49fc80e.json;release_56a0e3e8-9c80-43ec-bd4e-4bcf599f9b2c.json;artist_aeb56834-7b19-4c75-9671-aafcf49fc80e.json;NF;schubert-winterreise_90;
"Dietrich Fischer-Dieskau; Daniel Barenboim";Der stürmische Morgen;NF;NF;work_86dcae05-2e73-316c-a458-06a9f0613239.json;recording_de37fde7-c4fa-44b6-a313-c4dc52f4a9e7.json;release_56a0e3e8-9c80-43ec-bd4e-4bcf599f9b2c.json;artist_de37fde7-c4fa-44b6-a313-c4dc52f4a9e7.json;NF;schubert-winterreise_206;
"Dietrich Fischer-Dieskau; Daniel Barenboim";Täuschung;NF;NF;work_cdf92068-b39e-3a3b-90d4-47b1d28aaf55.json;recording_b7d823ef-e510-433f-be51-9d6d2754cf55.json;release_56a0e3e8-9c80-43ec-bd4e-4bcf599f9b2c.json;artist_b7d823ef-e510-433f-be51-9d6d2754cf55.json;NF;schubert-winterreise_147;
"Dietrich Fischer-Dieskau; Daniel Barenboim";Der Wegweiser;NF;NF;work_d86fc5f7-ab2b-302e-82dd-e308f6926589.json;recording_fe32d155-a337-431a-9563-17182e91b8c1.json;release_56a0e3e8-9c80-43ec-bd4e-4bcf599f9b2c.json;artist_fe32d155-a337-431a-9563-17182e91b8c1.json;NF;schubert-winterreise_195;
"Dietrich Fischer-Dieskau; Daniel Barenboim";Das Wirtshaus;NF;NF;work_b8ae8cca-8131-3021-9d70-0b069cec6f43.json;recording_5cd0fcd8-5280-4b41-a91f-1b0d17855ee2.json;release_56a0e3e8-9c80-43ec-bd4e-4bcf599f9b2c.json;artist_5cd0fcd8-5280-4b41-a91f-1b0d17855ee2.json;NF;schubert-winterreise_141;
"Dietrich Fischer-Dieskau; Daniel Barenboim";Mut;NF;NF;work_6e3127a4-fade-3c3c-8389-4e018cfef4b1.json;recording_a3c06aeb-85ea-4bbc-a65a-e892a50dabf0.json;release_56a0e3e8-9c80-43ec-bd4e-4bcf599f9b2c.json;artist_a3c06aeb-85ea-4bbc-a65a-e892a50dabf0.json;NF;schubert-winterreise_82;
"Dietrich Fischer-Dieskau; Daniel Barenboim";Die Nebensonnen;NF;NF;work_ac39ca1c-c000-3eaa-b6d7-4463496f3306.json;recording_744c988f-304b-40bb-80f4-4d18cc8aefc5.json;release_56a0e3e8-9c80-43ec-bd4e-4bcf599f9b2c.json;artist_744c988f-304b-40bb-80f4-4d18cc8aefc5.json;NF;schubert-winterreise_23;
"Dietrich Fischer-Dieskau; Daniel Barenboim";Der Leiermann;NF;NF;work_f5fece54-67ce-302b-a648-14fe3cafc9dd.json;recording_7174bf84-4685-48a1-b102-3485e24abb59.json;release_56a0e3e8-9c80-43ec-bd4e-4bcf599f9b2c.json;artist_7174bf84-4685-48a1-b102-3485e24abb59.json;NF;schubert-winterreise_60;
"Thomas Quasthoff; Charles Spencer";Gute Nacht;NF;NF;work_485e9c1b-8b7f-32cd-8511-83f0259088e8.json;recording_00aafe20-c605-4293-9e31-729ab849b73c.json;release_f10034f7-5ebc-4122-a74d-35749ef90ca6.json;artist_00aafe20-c605-4293-9e31-729ab849b73c.json;NF;schubert-winterreise_44;
"Thomas Quasthoff; Charles Spencer";Die Wetterfahne;NF;NF;work_2d92753d-b093-31d8-82f8-0cb4c46085a8.json;recording_01f52f47-d698-4c04-821a-9cf2b6e42298.json;release_f10034f7-5ebc-4122-a74d-35749ef90ca6.json;artist_01f52f47-d698-4c04-821a-9cf2b6e42298.json;NF;schubert-winterreise_202;
"Thomas Quasthoff; Charles Spencer";Gefror'ne Tränen;NF;NF;work_cd3fd316-0c77-3aee-a71a-07b89cf1ae87.json;recording_3b46d4cc-220d-4a1a-9bc7-7acc3c0a0a29.json;release_f10034f7-5ebc-4122-a74d-35749ef90ca6.json;artist_3b46d4cc-220d-4a1a-9bc7-7acc3c0a0a29.json;NF;schubert-winterreise_144;
"Thomas Quasthoff; Charles Spencer";Erstarrung;NF;NF;work_b4569220-e114-3996-858b-9f04abb95cec.json;recording_14baa6c6-0290-4d5d-a75b-06e301cbf943.json;release_f10034f7-5ebc-4122-a74d-35749ef90ca6.json;artist_14baa6c6-0290-4d5d-a75b-06e301cbf943.json;NF;schubert-winterreise_184;
"Thomas Quasthoff; Charles Spencer";Der Lindenbaum;NF;NF;work_bfc17ef3-8807-3c31-8863-efd3a7463405.json;recording_6285f39f-9f9c-46c0-8b5c-497592c87e5d.json;release_f10034f7-5ebc-4122-a74d-35749ef90ca6.json;artist_6285f39f-9f9c-46c0-8b5c-497592c87e5d.json;NF;schubert-winterreise_126;
"Thomas Quasthoff; Charles Spencer";Wasserflut;NF;NF;work_6cd9a8e9-7c14-3161-8c4a-79b713eddb52.json;recording_e08d1e6d-a947-419f-880c-9d96e44596b6.json;release_f10034f7-5ebc-4122-a74d-35749ef90ca6.json;artist_e08d1e6d-a947-419f-880c-9d96e44596b6.json;NF;schubert-winterreise_71;
"Thomas Quasthoff; Charles Spencer";Auf dem Flusse;NF;NF;work_07cb5e1b-d3c5-3d3c-afd5-2dab83ee1de9.json;recording_1194d49c-51fe-47d0-bc77-f86957ae4745.json;release_f10034f7-5ebc-4122-a74d-35749ef90ca6.json;artist_1194d49c-51fe-47d0-bc77-f86957ae4745.json;NF;schubert-winterreise_11;
"Thomas Quasthoff; Charles Spencer";Rückblick;NF;NF;work_59e9f581-5fab-312f-b6d1-06781254d2e6.json;recording_d00f4306-c948-4110-9cda-a622e60ecbd4.json;release_f10034f7-5ebc-4122-a74d-35749ef90ca6.json;artist_d00f4306-c948-4110-9cda-a622e60ecbd4.json;NF;schubert-winterreise_112;
"Thomas Quasthoff; Charles Spencer";Irrlicht;NF;NF;work_2113b47d-5848-32d6-bdb1-737906af0f56.json;recording_0bbbf1ea-6e08-4285-b8e9-958c67979bcb.json;release_f10034f7-5ebc-4122-a74d-35749ef90ca6.json;artist_0bbbf1ea-6e08-4285-b8e9-958c67979bcb.json;NF;schubert-winterreise_169;
"Thomas Quasthoff; Charles Spencer";Rast;NF;NF;work_7a7d1eef-3aec-395b-9b3b-78b527db0e62.json;recording_f8035f89-09c3-45e3-9e90-d062feaa1989.json;release_f10034f7-5ebc-4122-a74d-35749ef90ca6.json;artist_f8035f89-09c3-45e3-9e90-d062feaa1989.json;NF;schubert-winterreise_177;
"Thomas Quasthoff; Charles Spencer";Frühlingstraum;NF;NF;work_7b7e76cc-4cdf-316f-9088-910a0032a8f1.json;recording_ffb36b58-ebe6-40a1-92be-a36b80842580.json;release_f10034f7-5ebc-4122-a74d-35749ef90ca6.json;artist_ffb36b58-ebe6-40a1-92be-a36b80842580.json;NF;schubert-winterreise_132;
"Thomas Quasthoff; Charles Spencer";Einsamkeit;NF;NF;work_855a2fe2-5274-388a-9817-b00f65b8616a.json;recording_9a80ec96-6f3e-465b-b53b-66ba60165f1a.json;release_f10034f7-5ebc-4122-a74d-35749ef90ca6.json;artist_9a80ec96-6f3e-465b-b53b-66ba60165f1a.json;NF;schubert-winterreise_62;
"Thomas Quasthoff; Charles Spencer";Die Post;NF;NF;work_c722969e-2248-3e31-962b-dbc4195dbf4e.json;recording_82c0a58b-6549-4c61-be9b-4eba69869f0b.json;release_f10034f7-5ebc-4122-a74d-35749ef90ca6.json;artist_82c0a58b-6549-4c61-be9b-4eba69869f0b.json;NF;schubert-winterreise_13;
"Thomas Quasthoff; Charles Spencer";Der greise Kopf;NF;NF;work_3d260810-bbd1-3b9a-b317-22ccc010efb9.json;recording_37448a42-e272-4c06-bcb5-8fe938d7e96a.json;release_f10034f7-5ebc-4122-a74d-35749ef90ca6.json;artist_37448a42-e272-4c06-bcb5-8fe938d7e96a.json;NF;schubert-winterreise_100;
"Thomas Quasthoff; Charles Spencer";Die Krähe;NF;NF;work_fa639922-f1ee-33e9-a738-ba1a634ef000.json;recording_7931e9a6-b669-43ab-91a6-4a311d618f2f.json;release_f10034f7-5ebc-4122-a74d-35749ef90ca6.json;artist_7931e9a6-b669-43ab-91a6-4a311d618f2f.json;NF;schubert-winterreise_49;
"Thomas Quasthoff; Charles Spencer";Letzte Hoffnung;NF;NF;work_26b535e0-7b11-3f29-ad78-40699bb889b7.json;recording_13e57eb5-1cab-4125-a615-ae09780dc80b.json;release_f10034f7-5ebc-4122-a74d-35749ef90ca6.json;artist_13e57eb5-1cab-4125-a615-ae09780dc80b.json;NF;schubert-winterreise_201;
"Thomas Quasthoff; Charles Spencer";Im Dorfe;NF;NF;work_6c86b879-2589-3ce5-b611-c816bbc35241.json;recording_6bcc6152-e69a-4e93-8fb9-8272e08fb430.json;release_f10034f7-5ebc-4122-a74d-35749ef90ca6.json;artist_6bcc6152-e69a-4e93-8fb9-8272e08fb430.json;NF;schubert-winterreise_151;
"Thomas Quasthoff; Charles Spencer";Der stürmische Morgen;NF;NF;work_86dcae05-2e73-316c-a458-06a9f0613239.json;recording_4b09cc85-7edf-4913-8adb-48deb68300f3.json;release_f10034f7-5ebc-4122-a74d-35749ef90ca6.json;artist_4b09cc85-7edf-4913-8adb-48deb68300f3.json;NF;schubert-winterreise_35;
"Thomas Quasthoff; Charles Spencer";Täuschung;NF;NF;work_cdf92068-b39e-3a3b-90d4-47b1d28aaf55.json;recording_0d168284-90bd-4698-8162-c5a498af2c0c.json;release_f10034f7-5ebc-4122-a74d-35749ef90ca6.json;artist_0d168284-90bd-4698-8162-c5a498af2c0c.json;NF;schubert-winterreise_86;
"Thomas Quasthoff; Charles Spencer";Der Wegweiser;NF;NF;work_d86fc5f7-ab2b-302e-82dd-e308f6926589.json;recording_e6582cde-fa40-4bff-bf60-430ffe50e6ad.json;release_f10034f7-5ebc-4122-a74d-35749ef90ca6.json;artist_e6582cde-fa40-4bff-bf60-430ffe50e6ad.json;NF;schubert-winterreise_38;
"Thomas Quasthoff; Charles Spencer";Das Wirtshaus;NF;NF;work_b8ae8cca-8131-3021-9d70-0b069cec6f43.json;recording_fa0c3105-1cbd-458a-8f6a-064b28bd2f2d.json;release_f10034f7-5ebc-4122-a74d-35749ef90ca6.json;artist_fa0c3105-1cbd-458a-8f6a-064b28bd2f2d.json;NF;schubert-winterreise_91;
"Thomas Quasthoff; Charles Spencer";Mut;NF;NF;work_6e3127a4-fade-3c3c-8389-4e018cfef4b1.json;recording_f88e9cbd-2dbf-4af1-a045-dc7497f21929.json;release_f10034f7-5ebc-4122-a74d-35749ef90ca6.json;artist_f88e9cbd-2dbf-4af1-a045-dc7497f21929.json;NF;schubert-winterreise_157;
"Thomas Quasthoff; Charles Spencer";Die Nebensonnen;NF;NF;work_ac39ca1c-c000-3eaa-b6d7-4463496f3306.json;recording_d55ba8e0-2f82-4350-9c76-5db8068b512c.json;release_f10034f7-5ebc-4122-a74d-35749ef90ca6.json;artist_d55ba8e0-2f82-4350-9c76-5db8068b512c.json;NF;schubert-winterreise_207;
"Thomas Quasthoff; Charles Spencer";Der Leiermann;NF;NF;work_f5fece54-67ce-302b-a648-14fe3cafc9dd.json;recording_d38429cc-f860-4412-8228-de81d3d45485.json;release_f10034f7-5ebc-4122-a74d-35749ef90ca6.json;artist_d38429cc-f860-4412-8228-de81d3d45485.json;NF;schubert-winterreise_123;
"Roman Trekel; Ulrich Eisenlohr";Gute Nacht;NF;NF;work_485e9c1b-8b7f-32cd-8511-83f0259088e8.json;recording_c1dd776c-9592-446b-92dd-775d6f2d7778.json;release_26323984-c7d6-4ddb-ba46-5301254ddbca.json;artist_c1dd776c-9592-446b-92dd-775d6f2d7778.json;NF;schubert-winterreise_51;
"Roman Trekel; Ulrich Eisenlohr";Die Wetterfahne;NF;NF;work_2d92753d-b093-31d8-82f8-0cb4c46085a8.json;recording_fb349de7-4a56-46d9-8500-084b326fb964.json;release_26323984-c7d6-4ddb-ba46-5301254ddbca.json;artist_fb349de7-4a56-46d9-8500-084b326fb964.json;NF;schubert-winterreise_199;
"Roman Trekel; Ulrich Eisenlohr";Gefror'ne Tränen;NF;NF;work_cd3fd316-0c77-3aee-a71a-07b89cf1ae87.json;recording_72daf190-46d7-4f15-b072-0c179bb52c1f.json;release_26323984-c7d6-4ddb-ba46-5301254ddbca.json;artist_72daf190-46d7-4f15-b072-0c179bb52c1f.json;NF;schubert-winterreise_150;
"Roman Trekel; Ulrich Eisenlohr";Erstarrung;NF;NF;work_b4569220-e114-3996-858b-9f04abb95cec.json;recording_e9136208-24d5-4c96-b5c2-ec9ea51c121b.json;release_26323984-c7d6-4ddb-ba46-5301254ddbca.json;artist_e9136208-24d5-4c96-b5c2-ec9ea51c121b.json;NF;schubert-winterreise_176;
"Roman Trekel; Ulrich Eisenlohr";Der Lindenbaum;NF;NF;work_bfc17ef3-8807-3c31-8863-efd3a7463405.json;recording_c3a06784-0e2f-4dcb-b9c7-1d7d8642c7bf.json;release_26323984-c7d6-4ddb-ba46-5301254ddbca.json;artist_c3a06784-0e2f-4dcb-b9c7-1d7d8642c7bf.json;NF;schubert-winterreise_130;
"Roman Trekel; Ulrich Eisenlohr";Wasserflut;NF;NF;work_6cd9a8e9-7c14-3161-8c4a-79b713eddb52.json;recording_072b4af0-c96f-4381-862e-7fb65d30e94f.json;release_26323984-c7d6-4ddb-ba46-5301254ddbca.json;artist_072b4af0-c96f-4381-862e-7fb65d30e94f.json;NF;schubert-winterreise_64;
"Roman Trekel; Ulrich Eisenlohr";Auf dem Flusse;NF;NF;work_07cb5e1b-d3c5-3d3c-afd5-2dab83ee1de9.json;recording_c484771a-97fb-4b47-bc08-2b8ecde7fa0d.json;release_26323984-c7d6-4ddb-ba46-5301254ddbca.json;artist_c484771a-97fb-4b47-bc08-2b8ecde7fa0d.json;NF;schubert-winterreise_14;
"Roman Trekel; Ulrich Eisenlohr";Rückblick;NF;NF;work_59e9f581-5fab-312f-b6d1-06781254d2e6.json;recording_37f6dc35-8022-4a04-90e1-2c760881e27a.json;release_26323984-c7d6-4ddb-ba46-5301254ddbca.json;artist_37f6dc35-8022-4a04-90e1-2c760881e27a.json;NF;schubert-winterreise_113;
"Roman Trekel; Ulrich Eisenlohr";Irrlicht;NF;NF;work_2113b47d-5848-32d6-bdb1-737906af0f56.json;recording_a50fa19e-0303-4073-9c0d-95b089d64a1a.json;release_26323984-c7d6-4ddb-ba46-5301254ddbca.json;artist_a50fa19e-0303-4073-9c0d-95b089d64a1a.json;NF;schubert-winterreise_164;
"Roman Trekel; Ulrich Eisenlohr";Rast;NF;NF;work_7a7d1eef-3aec-395b-9b3b-78b527db0e62.json;recording_9e245797-81e1-4269-89ed-3d1387a90c5f.json;release_26323984-c7d6-4ddb-ba46-5301254ddbca.json;artist_9e245797-81e1-4269-89ed-3d1387a90c5f.json;NF;schubert-winterreise_185;
"Roman Trekel; Ulrich Eisenlohr";Frühlingstraum;NF;NF;work_7b7e76cc-4cdf-316f-9088-910a0032a8f1.json;recording_1d710817-aaa2-478c-9f25-ed1d18d7669c.json;release_26323984-c7d6-4ddb-ba46-5301254ddbca.json;artist_1d710817-aaa2-478c-9f25-ed1d18d7669c.json;NF;schubert-winterreise_128;
"Roman Trekel; Ulrich Eisenlohr";Einsamkeit;NF;NF;work_855a2fe2-5274-388a-9817-b00f65b8616a.json;recording_fcc3e742-8f37-444e-aa13-c4b9dc70e555.json;release_26323984-c7d6-4ddb-ba46-5301254ddbca.json;artist_fcc3e742-8f37-444e-aa13-c4b9dc70e555.json;NF;schubert-winterreise_69;
"Roman Trekel; Ulrich Eisenlohr";Die Post;NF;NF;work_c722969e-2248-3e31-962b-dbc4195dbf4e.json;recording_4a0da44e-833b-4504-848d-32a3c09ba549.json;release_26323984-c7d6-4ddb-ba46-5301254ddbca.json;artist_4a0da44e-833b-4504-848d-32a3c09ba549.json;NF;schubert-winterreise_10;
"Roman Trekel; Ulrich Eisenlohr";Der greise Kopf;NF;NF;work_3d260810-bbd1-3b9a-b317-22ccc010efb9.json;recording_fd4ab967-f356-41c3-8889-53f0aa10c3ec.json;release_26323984-c7d6-4ddb-ba46-5301254ddbca.json;artist_fd4ab967-f356-41c3-8889-53f0aa10c3ec.json;NF;schubert-winterreise_101;
"Roman Trekel; Ulrich Eisenlohr";Die Krähe;NF;NF;work_fa639922-f1ee-33e9-a738-ba1a634ef000.json;recording_11519216-0634-486d-b713-4fc90daf01ce.json;release_26323984-c7d6-4ddb-ba46-5301254ddbca.json;artist_11519216-0634-486d-b713-4fc90daf01ce.json;NF;schubert-winterreise_41;
"Roman Trekel; Ulrich Eisenlohr";Letzte Hoffnung;NF;NF;work_26b535e0-7b11-3f29-ad78-40699bb889b7.json;recording_a0643842-2408-4fab-92fe-3afc11911196.json;release_26323984-c7d6-4ddb-ba46-5301254ddbca.json;artist_a0643842-2408-4fab-92fe-3afc11911196.json;NF;schubert-winterreise_204;
"Roman Trekel; Ulrich Eisenlohr";Im Dorfe;NF;NF;work_6c86b879-2589-3ce5-b611-c816bbc35241.json;recording_941efcec-9e06-449e-bd5f-249f1dfa4d06.json;release_26323984-c7d6-4ddb-ba46-5301254ddbca.json;artist_941efcec-9e06-449e-bd5f-249f1dfa4d06.json;NF;schubert-winterreise_145;
"Roman Trekel; Ulrich Eisenlohr";Der stürmische Morgen;NF;NF;work_86dcae05-2e73-316c-a458-06a9f0613239.json;recording_53bb0c18-82c3-4c60-87f7-36daecd70fa5.json;release_26323984-c7d6-4ddb-ba46-5301254ddbca.json;artist_53bb0c18-82c3-4c60-87f7-36daecd70fa5.json;NF;schubert-winterreise_30;
"Roman Trekel; Ulrich Eisenlohr";Täuschung;NF;NF;work_cdf92068-b39e-3a3b-90d4-47b1d28aaf55.json;recording_0863de68-5a18-4cae-b253-94b38f2fa0c2.json;release_26323984-c7d6-4ddb-ba46-5301254ddbca.json;artist_0863de68-5a18-4cae-b253-94b38f2fa0c2.json;NF;schubert-winterreise_88;
"Roman Trekel; Ulrich Eisenlohr";Der Wegweiser;NF;NF;work_d86fc5f7-ab2b-302e-82dd-e308f6926589.json;recording_b5dfa798-8ff4-49f3-b28f-21278a5caed1.json;release_26323984-c7d6-4ddb-ba46-5301254ddbca.json;artist_b5dfa798-8ff4-49f3-b28f-21278a5caed1.json;NF;schubert-winterreise_37;
"Roman Trekel; Ulrich Eisenlohr";Das Wirtshaus;NF;NF;work_b8ae8cca-8131-3021-9d70-0b069cec6f43.json;recording_39f69ed7-411b-4ea4-bed6-db2c32e58473.json;release_26323984-c7d6-4ddb-ba46-5301254ddbca.json;artist_39f69ed7-411b-4ea4-bed6-db2c32e58473.json;NF;schubert-winterreise_96;
"Roman Trekel; Ulrich Eisenlohr";Mut;NF;NF;work_6e3127a4-fade-3c3c-8389-4e018cfef4b1.json;recording_f44d0e87-d345-4cab-a7f5-05ed2367f9b2.json;release_26323984-c7d6-4ddb-ba46-5301254ddbca.json;artist_f44d0e87-d345-4cab-a7f5-05ed2367f9b2.json;NF;schubert-winterreise_156;
"Roman Trekel; Ulrich Eisenlohr";Die Nebensonnen;NF;NF;work_ac39ca1c-c000-3eaa-b6d7-4463496f3306.json;recording_daa968c1-809d-4913-aab3-738953d86a35.json;release_26323984-c7d6-4ddb-ba46-5301254ddbca.json;artist_daa968c1-809d-4913-aab3-738953d86a35.json;NF;schubert-winterreise_214;
"Roman Trekel; Ulrich Eisenlohr";Der Leiermann;NF;NF;work_f5fece54-67ce-302b-a648-14fe3cafc9dd.json;recording_357baf9c-3f85-4bf6-b544-2f9de09821ec.json;release_26323984-c7d6-4ddb-ba46-5301254ddbca.json;artist_357baf9c-3f85-4bf6-b544-2f9de09821ec.json;NF;schubert-winterreise_116;